customer_id,customer_name,email,phone,address,city,state,postal_code,created_date,last_updated
1,Sneha Sharma,sneha.sharma1@gmail.com,9249827706,"House-755, New Delhi",New Delhi,Delhi,207473,2026-03-04 00:00:00,2026-03-11 00:00:00
2,Kavita Patel,kavita.patel2@gmail.com,9131994523,"House-96, Surat",Surat,Gujarat,329258,2026-04-19 00:00:00,2026-04-20 00:00:00
3,Neha Mishra,neha.mishra3@gmail.com,9313500298,"House-734, Bhopal",Bhopal,Madhya Pradesh,781453,2026-01-07 00:00:00,2026-01-24 00:00:00
4,Kavita Singh,kavita.singh4@gmail.com,9398704996,"House-829, Durgapur",Durgapur,West Bengal,106814,2026-04-25 00:00:00,2026-05-13 00:00:00
5,Rohit Jena,rohit.jena5@gmail.com,9266944844,"House-221, Hyderabad",Hyderabad,Telangana,452944,2026-03-29 00:00:00,2026-04-06 00:00:00
6,Sneha Patel,sneha.patel6@gmail.com,9469319644,"House-619, Chennai",Chennai,Tamil Nadu,377370,2026-01-25 00:00:00,2026-02-05 00:00:00
7,Rahul Jena,rahul.jena7@gmail.com,9506448196,"House-81, Kochi",Kochi,Kerala,678856,2026-05-18 00:00:00,2026-05-21 00:00:00
8,Rakesh Joshi,rakesh.joshi8@gmail.com,9306468299,"House-722, Bhopal",Bhopal,Madhya Pradesh,172933,2026-04-03 00:00:00,2026-04-21 00:00:00
9,Rahul Mohanty,rahul.mohanty9@gmail.com,9349957310,"House-888, Durgapur",Durgapur,West Bengal,205907,2026-03-16 00:00:00,2026-03-18 00:00:00
10,Kiran Reddy,kiran.reddy10@gmail.com,9274648506,"House-380, Kochi",Kochi,Kerala,472528,2026-06-12 00:00:00,2026-06-23 00:00:00
11,Pooja Mohanty,pooja.mohanty11@gmail.com,9176667861,"House-624, New Delhi",New Delhi,Delhi,765822,2026-06-29 00:00:00,2026-07-19 00:00:00
12,Rohit Mishra,rohit.mishra12@gmail.com,9507437181,"House-277, Durgapur",Durgapur,West Bengal,771088,2026-02-11 00:00:00,2026-02-25 00:00:00
13,Kavita Nayak,kavita.nayak13@gmail.com,9982403818,"House-33, Noida",Noida,Uttar Pradesh,430776,2026-01-15 00:00:00,2026-01-22 00:00:00
14,Kiran Reddy,kiran.reddy14@gmail.com,9870854579,"House-323, Puri",Puri,Odisha,322955,2026-02-24 00:00:00,2026-03-14 00:00:00
15,Arun Singh,arun.singh15@gmail.com,9249926919,"House-253, Kochi",Kochi,Kerala,688637,2026-02-06 00:00:00,2026-02-14 00:00:00
16,Kavita Reddy,kavita.reddy16@gmail.com,9528853029,"House-371, Surat",Surat,Gujarat,329974,2026-04-20 00:00:00,2026-05-08 00:00:00
17,Ankit Mishra,ankit.mishra17@gmail.com,9217734861,"House-157, Mumbai",Mumbai,Maharashtra,757924,2026-01-24 00:00:00,2026-01-25 00:00:00
18,Rohit Kumar,rohit.kumar18@gmail.com,9513140753,"House-391, Hyderabad",Hyderabad,Telangana,724834,2026-06-02 00:00:00,2026-06-04 00:00:00
19,Vikram Mishra,vikram.mishra19@gmail.com,9830448745,"House-739, New Delhi",New Delhi,Delhi,220116,2026-05-22 00:00:00,2026-05-22 00:00:00
20,Kavita Kumar,kavita.kumar20@gmail.com,9219778234,"House-301, New Delhi",New Delhi,Delhi,555884,2026-06-14 00:00:00,2026-06-24 00:00:00
21,Rohit Gupta,rohit.gupta21@gmail.com,9918150683,"House-183, Bhubaneswar",Bhubaneswar,Odisha,632342,2026-03-09 00:00:00,2026-03-25 00:00:00
22,Sneha Joshi,sneha.joshi22@gmail.com,9753876785,"House-204, Lucknow",Lucknow,Uttar Pradesh,260263,2026-06-13 00:00:00,2026-06-29 00:00:00
23,Anjali Kumar,anjali.kumar23@gmail.com,9100614068,"House-614, Kolkata",Kolkata,West Bengal,439902,2026-05-19 00:00:00,2026-06-04 00:00:00
24,Arun Sharma,arun.sharma24@gmail.com,9357109965,"House-60, Rourkela",Rourkela,Odisha,352572,2026-04-03 00:00:00,2026-04-12 00:00:00
25,Manoj Patel,manoj.patel25@gmail.com,9916690353,"House-546, Puri",Puri,Odisha,231869,2026-05-05 00:00:00,2026-05-07 00:00:00
26,Ankit Mohanty,ankit.mohanty26@gmail.com,9384602384,"House-541, Mumbai",Mumbai,Maharashtra,736059,2026-05-21 00:00:00,2026-05-26 00:00:00
27,Nisha Nayak,nisha.nayak27@gmail.com,9865523129,"House-320, Ahmedabad",Ahmedabad,Gujarat,518373,2026-06-26 00:00:00,2026-07-02 00:00:00
28,Anjali Gupta,anjali.gupta28@gmail.com,9366186631,"House-231, Pune",Pune,Maharashtra,167136,2026-04-26 00:00:00,2026-04-29 00:00:00
29,Deepak Sharma,deepak.sharma29@gmail.com,9731832764,"House-226, Surat",Surat,Gujarat,107540,2026-05-22 00:00:00,2026-05-29 00:00:00
30,Priya Jena,priya.jena30@gmail.com,9133729406,"House-881, Cuttack",Cuttack,Odisha,446479,2026-02-28 00:00:00,2026-03-02 00:00:00
31,Priya Mishra,priya.mishra31@gmail.com,9330035022,"House-553, Durgapur",Durgapur,West Bengal,238739,2026-03-13 00:00:00,2026-03-28 00:00:00
32,Manoj Sahoo,manoj.sahoo32@gmail.com,9967043303,"House-417, Mumbai",Mumbai,Maharashtra,299659,2026-03-04 00:00:00,2026-03-19 00:00:00
33,Sneha Patel,sneha.patel33@gmail.com,9541417711,"House-479, Hyderabad",Hyderabad,Telangana,156802,2026-04-01 00:00:00,2026-04-14 00:00:00
34,Sneha Sharma,sneha.sharma34@gmail.com,9366992705,"House-197, Chennai",Chennai,Tamil Nadu,299448,2026-03-28 00:00:00,2026-03-31 00:00:00
35,Kavita Gupta,kavita.gupta35@gmail.com,9399085574,"House-474, Sambalpur",Sambalpur,Odisha,361941,2026-04-19 00:00:00,2026-04-24 00:00:00
36,Priya Gupta,priya.gupta36@gmail.com,9800235246,"House-554, Ahmedabad",Ahmedabad,Gujarat,115474,2026-01-26 00:00:00,2026-01-27 00:00:00
37,Priya Iyer,priya.iyer37@gmail.com,9621453189,"House-493, Durgapur",Durgapur,West Bengal,324130,2026-02-12 00:00:00,2026-02-25 00:00:00
38,Kiran Iyer,kiran.iyer38@gmail.com,9102314313,"House-400, Cuttack",Cuttack,Odisha,378085,2026-02-12 00:00:00,2026-02-24 00:00:00
39,Vikram Reddy,vikram.reddy39@gmail.com,9810678904,"House-736, Hyderabad",Hyderabad,Telangana,610311,2026-06-28 00:00:00,2026-07-15 00:00:00
40,Ankit Nayak,ankit.nayak40@gmail.com,9721890096,"House-754, Lucknow",Lucknow,Uttar Pradesh,668532,2026-02-25 00:00:00,2026-02-26 00:00:00
41,Rahul Jena,rahul.jena41@gmail.com,9727255918,"House-489, Noida",Noida,Uttar Pradesh,627276,2026-01-15 00:00:00,2026-01-16 00:00:00
42,Sunita Das,sunita.das42@gmail.com,9299528037,"House-71, Cuttack",Cuttack,Odisha,723939,2026-05-11 00:00:00,2026-05-13 00:00:00
43,Priya Mohanty,priya.mohanty43@gmail.com,9711684318,"House-253, Durgapur",Durgapur,West Bengal,707040,2026-04-14 00:00:00,2026-04-17 00:00:00
44,Suman Sharma,suman.sharma44@gmail.com,9805849060,"House-598, Bhopal",Bhopal,Madhya Pradesh,692683,2026-01-21 00:00:00,2026-02-03 00:00:00
45,Sunita Verma,sunita.verma45@gmail.com,9356287095,"House-272, New Delhi",New Delhi,Delhi,515011,2026-02-22 00:00:00,2026-03-04 00:00:00
46,Ankit Mohanty,ankit.mohanty46@gmail.com,9907308348,"House-959, Lucknow",Lucknow,Uttar Pradesh,176066,2026-04-28 00:00:00,2026-05-08 00:00:00
47,Amit Gupta,amit.gupta47@gmail.com,9178663096,"House-551, Bhopal",Bhopal,Madhya Pradesh,323508,2026-05-25 00:00:00,2026-05-28 00:00:00
48,Sunita Reddy,sunita.reddy48@gmail.com,9362298393,"House-379, Sambalpur",Sambalpur,Odisha,398830,2026-03-31 00:00:00,2026-04-02 00:00:00
49,Rohit Gupta,rohit.gupta49@gmail.com,9756783995,"House-827, Ahmedabad",Ahmedabad,Gujarat,785743,2026-06-30 00:00:00,2026-07-09 00:00:00
50,Sunita Sharma,sunita.sharma50@gmail.com,9244193987,"House-271, Ahmedabad",Ahmedabad,Gujarat,221035,2026-03-18 00:00:00,2026-03-21 00:00:00
51,Sneha Jena,sneha.jena51@gmail.com,9402533494,"House-620, Ahmedabad",Ahmedabad,Gujarat,320861,2026-02-09 00:00:00,2026-02-17 00:00:00
52,Deepak Nayak,deepak.nayak52@gmail.com,9369639388,"House-928, New Delhi",New Delhi,Delhi,153266,2026-05-10 00:00:00,2026-05-25 00:00:00
53,Priya Mohanty,priya.mohanty53@gmail.com,9103807155,"House-342, Hyderabad",Hyderabad,Telangana,237174,2026-03-12 00:00:00,2026-03-13 00:00:00
54,Suresh Das,suresh.das54@gmail.com,9702269164,"House-10, Kochi",Kochi,Kerala,217308,2026-05-22 00:00:00,2026-06-04 00:00:00
55,Priya Iyer,priya.iyer55@gmail.com,9996139578,"House-379, Sambalpur",Sambalpur,Odisha,710805,2026-05-20 00:00:00,2026-05-21 00:00:00
56,Kavita Das,kavita.das56@gmail.com,9430989881,"House-374, Hyderabad",Hyderabad,Telangana,141832,2026-02-02 00:00:00,2026-02-03 00:00:00
57,Anjali Nayak,anjali.nayak57@gmail.com,9479759538,"House-799, Durgapur",Durgapur,West Bengal,687080,2026-06-20 00:00:00,2026-06-23 00:00:00
58,Nisha Sahoo,nisha.sahoo58@gmail.com,9958872154,"House-831, Sambalpur",Sambalpur,Odisha,285652,2026-03-02 00:00:00,2026-03-07 00:00:00
59,Nisha Sharma,nisha.sharma59@gmail.com,9961393416,"House-686, Kolkata",Kolkata,West Bengal,360222,2026-03-27 00:00:00,2026-04-09 00:00:00
60,Suresh Das,suresh.das60@gmail.com,9605399561,"House-228, Rourkela",Rourkela,Odisha,309267,2026-04-08 00:00:00,2026-04-09 00:00:00
61,Vikram Verma,vikram.verma61@gmail.com,9125409494,"House-676, Lucknow",Lucknow,Uttar Pradesh,302511,2026-02-28 00:00:00,2026-03-07 00:00:00
62,Kiran Verma,kiran.verma62@gmail.com,9477040284,"House-657, New Delhi",New Delhi,Delhi,634150,2026-01-18 00:00:00,2026-01-26 00:00:00
63,Kiran Mohanty,kiran.mohanty63@gmail.com,9223847257,"House-899, Ahmedabad",Ahmedabad,Gujarat,373903,2026-03-26 00:00:00,2026-03-26 00:00:00
64,Rohit Sahoo,rohit.sahoo64@gmail.com,9740563507,"House-445, New Delhi",New Delhi,Delhi,462479,2026-01-10 00:00:00,2026-01-13 00:00:00
65,Deepak Singh,deepak.singh65@gmail.com,9513600440,"House-922, Bhopal",Bhopal,Madhya Pradesh,704596,2026-05-11 00:00:00,2026-05-14 00:00:00
66,Pooja Reddy,pooja.reddy66@gmail.com,9658260221,"House-948, Cuttack",Cuttack,Odisha,664607,2026-04-22 00:00:00,2026-04-22 00:00:00
67,Pooja Verma,pooja.verma67@gmail.com,9769108025,"House-322, Hyderabad",Hyderabad,Telangana,795612,2026-01-18 00:00:00,2026-01-28 00:00:00
68,Sneha Jena,sneha.jena68@gmail.com,9816070802,"House-419, Lucknow",Lucknow,Uttar Pradesh,442027,2026-05-10 00:00:00,2026-05-19 00:00:00
69,Kiran Jena,kiran.jena69@gmail.com,9305986733,"House-431, Lucknow",Lucknow,Uttar Pradesh,797229,2026-05-22 00:00:00,2026-05-26 00:00:00
70,Kiran Mohanty,kiran.mohanty70@gmail.com,9423142470,"House-416, Kolkata",Kolkata,West Bengal,674553,2026-06-07 00:00:00,2026-06-25 00:00:00
71,Amit Reddy,amit.reddy71@gmail.com,9943702118,"House-594, Lucknow",Lucknow,Uttar Pradesh,736130,2026-02-23 00:00:00,2026-03-08 00:00:00
72,Deepak Gupta,deepak.gupta72@gmail.com,9648868899,"House-485, Kochi",Kochi,Kerala,277934,2026-04-24 00:00:00,2026-04-30 00:00:00
73,Priya Reddy,priya.reddy73@gmail.com,9764926227,"House-344, Pune",Pune,Maharashtra,197923,2026-06-19 00:00:00,2026-07-09 00:00:00
74,Neha Mohanty,neha.mohanty74@gmail.com,9258220114,"House-26, Lucknow",Lucknow,Uttar Pradesh,148458,2026-02-27 00:00:00,2026-03-05 00:00:00
75,Neha Gupta,neha.gupta75@gmail.com,9545002643,"House-908, Bhopal",Bhopal,Madhya Pradesh,760356,2026-01-19 00:00:00,2026-02-02 00:00:00
76,Manoj Nayak,manoj.nayak76@gmail.com,9361976301,"House-152, Chennai",Chennai,Tamil Nadu,787926,2026-05-07 00:00:00,2026-05-19 00:00:00
77,Amit Iyer,amit.iyer77@gmail.com,9288856883,"House-824, Rourkela",Rourkela,Odisha,643118,2026-04-19 00:00:00,2026-04-26 00:00:00
78,Vikram Sharma,vikram.sharma78@gmail.com,9590122159,"House-137, Ahmedabad",Ahmedabad,Gujarat,587213,2026-03-05 00:00:00,2026-03-08 00:00:00
79,Sunita Mishra,sunita.mishra79@gmail.com,9757830420,"House-835, Bhopal",Bhopal,Madhya Pradesh,629298,2026-03-23 00:00:00,2026-04-06 00:00:00
80,Nisha Joshi,nisha.joshi80@gmail.com,9898493949,"House-883, Ahmedabad",Ahmedabad,Gujarat,597732,2026-04-25 00:00:00,2026-04-30 00:00:00
81,Vikram Reddy,vikram.reddy81@gmail.com,9922286180,"House-797, Durgapur",Durgapur,West Bengal,646622,2026-06-13 00:00:00,2026-06-21 00:00:00
82,Arun Mohanty,arun.mohanty82@gmail.com,9183197117,"House-731, Durgapur",Durgapur,West Bengal,399607,2026-03-12 00:00:00,2026-03-26 00:00:00
83,Neha Reddy,neha.reddy83@gmail.com,9186519602,"House-142, Noida",Noida,Uttar Pradesh,258157,2026-03-23 00:00:00,2026-04-09 00:00:00
84,Neha Singh,neha.singh84@gmail.com,9168965204,"House-425, Sambalpur",Sambalpur,Odisha,527398,2026-06-30 00:00:00,2026-07-06 00:00:00
85,Deepak Mishra,deepak.mishra85@gmail.com,9322086735,"House-853, Kochi",Kochi,Kerala,540552,2026-04-17 00:00:00,2026-04-18 00:00:00
86,Kiran Iyer,kiran.iyer86@gmail.com,9922050912,"House-590, Surat",Surat,Gujarat,498858,2026-06-28 00:00:00,2026-06-28 00:00:00
87,Arun Sharma,arun.sharma87@gmail.com,9997356828,"House-430, Bengaluru",Bengaluru,Karnataka,664365,2026-03-18 00:00:00,2026-03-30 00:00:00
88,Kavita Kumar,kavita.kumar88@gmail.com,9335602191,"House-280, Bhopal",Bhopal,Madhya Pradesh,557007,2026-02-26 00:00:00,2026-03-13 00:00:00
89,Arun Sharma,arun.sharma89@gmail.com,9877583839,"House-170, Chennai",Chennai,Tamil Nadu,590094,2026-03-28 00:00:00,2026-04-09 00:00:00
90,Ankit Sahoo,ankit.sahoo90@gmail.com,9735540030,"House-578, Ahmedabad",Ahmedabad,Gujarat,795205,2026-01-07 00:00:00,2026-01-19 00:00:00
91,Amit Patel,amit.patel91@gmail.com,9295130056,"House-52, Hyderabad",Hyderabad,Telangana,372793,2026-02-04 00:00:00,2026-02-18 00:00:00
92,Kiran Verma,kiran.verma92@gmail.com,9462388455,"House-780, Howrah",Howrah,West Bengal,497542,2026-04-27 00:00:00,2026-05-07 00:00:00
93,Suresh Kumar,suresh.kumar93@gmail.com,9604988121,"House-20, Hyderabad",Hyderabad,Telangana,665621,2026-03-06 00:00:00,2026-03-08 00:00:00
94,Rahul Verma,rahul.verma94@gmail.com,9938842599,"House-981, Durgapur",Durgapur,West Bengal,783414,2026-06-16 00:00:00,2026-06-18 00:00:00
95,Rahul Kumar,rahul.kumar95@gmail.com,9121882877,"House-637, Bhubaneswar",Bhubaneswar,Odisha,259784,2026-03-05 00:00:00,2026-03-11 00:00:00
96,Neha Das,neha.das96@gmail.com,9705557720,"House-971, Mumbai",Mumbai,Maharashtra,328552,2026-06-21 00:00:00,2026-06-24 00:00:00
97,Vikram Jena,vikram.jena97@gmail.com,9750572325,"House-622, New Delhi",New Delhi,Delhi,220096,2026-04-05 00:00:00,2026-04-10 00:00:00
98,Rohit Reddy,rohit.reddy98@gmail.com,9434961542,"House-590, Rourkela",Rourkela,Odisha,493537,2026-05-29 00:00:00,2026-05-29 00:00:00
99,Kiran Jena,kiran.jena99@gmail.com,9841541582,"House-851, Howrah",Howrah,West Bengal,757711,2026-01-20 00:00:00,2026-02-07 00:00:00
100,Neha Patel,neha.patel100@gmail.com,9964929067,"House-124, Lucknow",Lucknow,Uttar Pradesh,693423,2026-06-25 00:00:00,2026-07-14 00:00:00
101,Rahul Verma,rahul.verma101@gmail.com,9174041730,"House-519, Ahmedabad",Ahmedabad,Gujarat,778998,2026-04-20 00:00:00,2026-05-01 00:00:00
102,Deepak Sharma,deepak.sharma102@gmail.com,9565492204,"House-984, Hyderabad",Hyderabad,Telangana,479781,2026-05-06 00:00:00,2026-05-09 00:00:00
103,Vikram Jena,vikram.jena103@gmail.com,9887906704,"House-535, Sambalpur",Sambalpur,Odisha,782054,2026-04-22 00:00:00,2026-04-27 00:00:00
104,Suresh Sahoo,suresh.sahoo104@gmail.com,9567694547,"House-846, Ahmedabad",Ahmedabad,Gujarat,721254,2026-05-04 00:00:00,2026-05-18 00:00:00
105,Suresh Verma,suresh.verma105@gmail.com,9584044963,"House-250, Durgapur",Durgapur,West Bengal,587282,2026-01-23 00:00:00,2026-01-31 00:00:00
106,Manoj Sahoo,manoj.sahoo106@gmail.com,9630757561,"House-872, Chennai",Chennai,Tamil Nadu,440802,2026-03-28 00:00:00,2026-03-28 00:00:00
107,Rohit Gupta,rohit.gupta107@gmail.com,9465436049,"House-287, Howrah",Howrah,West Bengal,725113,2026-04-01 00:00:00,2026-04-09 00:00:00
108,Suresh Mishra,suresh.mishra108@gmail.com,9191926217,"House-248, Bhubaneswar",Bhubaneswar,Odisha,526170,2026-05-13 00:00:00,2026-05-19 00:00:00
109,Arun Mishra,arun.mishra109@gmail.com,9793532952,"House-729, Durgapur",Durgapur,West Bengal,614663,2026-06-26 00:00:00,2026-07-11 00:00:00
110,Vikram Kumar,vikram.kumar110@gmail.com,9337937327,"House-415, Bhubaneswar",Bhubaneswar,Odisha,355123,2026-01-24 00:00:00,2026-02-02 00:00:00
111,Rakesh Mohanty,rakesh.mohanty111@gmail.com,9694287057,"House-544, Surat",Surat,Gujarat,460455,2026-04-05 00:00:00,2026-04-20 00:00:00
112,Nisha Jena,nisha.jena112@gmail.com,9854684750,"House-465, Ahmedabad",Ahmedabad,Gujarat,384076,2026-03-26 00:00:00,2026-04-06 00:00:00
113,Rakesh Reddy,rakesh.reddy113@gmail.com,9438817025,"House-123, Durgapur",Durgapur,West Bengal,661894,2026-01-31 00:00:00,2026-02-06 00:00:00
114,Rohit Nayak,rohit.nayak114@gmail.com,9878017216,"House-604, Howrah",Howrah,West Bengal,650121,2026-05-04 00:00:00,2026-05-12 00:00:00
115,Suman Reddy,suman.reddy115@gmail.com,9344258191,"House-370, Rourkela",Rourkela,Odisha,288158,2026-02-19 00:00:00,2026-02-28 00:00:00
116,Rakesh Sharma,rakesh.sharma116@gmail.com,9148872110,"House-998, Ahmedabad",Ahmedabad,Gujarat,157174,2026-02-02 00:00:00,2026-02-10 00:00:00
117,Kavita Reddy,kavita.reddy117@gmail.com,9210152642,"House-894, Sambalpur",Sambalpur,Odisha,112861,2026-06-13 00:00:00,2026-06-28 00:00:00
118,Manoj Reddy,manoj.reddy118@gmail.com,9465830215,"House-189, Mumbai",Mumbai,Maharashtra,153872,2026-05-03 00:00:00,2026-05-17 00:00:00
119,Suresh Joshi,suresh.joshi119@gmail.com,9530256336,"House-504, Mumbai",Mumbai,Maharashtra,177680,2026-01-30 00:00:00,2026-02-01 00:00:00
120,Manoj Mohanty,manoj.mohanty120@gmail.com,9970957171,"House-577, Cuttack",Cuttack,Odisha,418594,2026-02-08 00:00:00,2026-02-12 00:00:00
121,Priya Nayak,priya.nayak121@gmail.com,9751028618,"House-611, Rourkela",Rourkela,Odisha,748458,2026-05-23 00:00:00,2026-06-05 00:00:00
122,Neha Kumar,neha.kumar122@gmail.com,9575368059,"House-305, Pune",Pune,Maharashtra,717113,2026-04-08 00:00:00,2026-04-22 00:00:00
123,Nisha Reddy,nisha.reddy123@gmail.com,9754586204,"House-984, Surat",Surat,Gujarat,204053,2026-06-08 00:00:00,2026-06-09 00:00:00
124,Pooja Mohanty,pooja.mohanty124@gmail.com,9268638768,"House-246, Howrah",Howrah,West Bengal,282256,2026-03-09 00:00:00,2026-03-11 00:00:00
125,Kavita Patel,kavita.patel125@gmail.com,9583724666,"House-706, Kolkata",Kolkata,West Bengal,722656,2026-01-01 00:00:00,2026-01-14 00:00:00
126,Arun Reddy,arun.reddy126@gmail.com,9859088046,"House-290, Cuttack",Cuttack,Odisha,576086,2026-03-01 00:00:00,2026-03-10 00:00:00
127,Priya Mohanty,priya.mohanty127@gmail.com,9733281747,"House-678, Durgapur",Durgapur,West Bengal,307428,2026-03-09 00:00:00,2026-03-29 00:00:00
128,Nisha Patel,nisha.patel128@gmail.com,9259976144,"House-931, Ahmedabad",Ahmedabad,Gujarat,378535,2026-02-27 00:00:00,2026-03-19 00:00:00
129,Ankit Patel,ankit.patel129@gmail.com,9738923667,"House-767, Cuttack",Cuttack,Odisha,696856,2026-02-12 00:00:00,2026-02-21 00:00:00
130,Rakesh Gupta,rakesh.gupta130@gmail.com,9851333320,"House-413, Rourkela",Rourkela,Odisha,385470,2026-04-30 00:00:00,2026-05-09 00:00:00
131,Sunita Mishra,sunita.mishra131@gmail.com,9742136977,"House-41, Mumbai",Mumbai,Maharashtra,553014,2026-04-23 00:00:00,2026-04-25 00:00:00
132,Deepak Sahoo,deepak.sahoo132@gmail.com,9345805719,"House-985, New Delhi",New Delhi,Delhi,703139,2026-01-07 00:00:00,2026-01-09 00:00:00
133,Manoj Sharma,manoj.sharma133@gmail.com,9919382051,"House-775, New Delhi",New Delhi,Delhi,283700,2026-05-28 00:00:00,2026-05-29 00:00:00
134,Arun Mishra,arun.mishra134@gmail.com,9728492896,"House-447, Kochi",Kochi,Kerala,765620,2026-03-13 00:00:00,2026-03-18 00:00:00
135,Arun Patel,arun.patel135@gmail.com,9457887167,"House-329, Mumbai",Mumbai,Maharashtra,209680,2026-03-31 00:00:00,2026-04-13 00:00:00
136,Rohit Verma,rohit.verma136@gmail.com,9409471503,"House-679, Hyderabad",Hyderabad,Telangana,519904,2026-06-27 00:00:00,2026-07-12 00:00:00
137,Kavita Sharma,kavita.sharma137@gmail.com,9371011200,"House-332, Kochi",Kochi,Kerala,221552,2026-01-23 00:00:00,2026-02-02 00:00:00
138,Kiran Joshi,kiran.joshi138@gmail.com,9596043327,"House-424, Pune",Pune,Maharashtra,156837,2026-01-01 00:00:00,2026-01-18 00:00:00
139,Pooja Mishra,pooja.mishra139@gmail.com,9771527524,"House-453, Bengaluru",Bengaluru,Karnataka,154118,2026-06-09 00:00:00,2026-06-24 00:00:00
140,Pooja Reddy,pooja.reddy140@gmail.com,9570423569,"House-902, Ahmedabad",Ahmedabad,Gujarat,608257,2026-02-03 00:00:00,2026-02-12 00:00:00
141,Sneha Sharma,sneha.sharma141@gmail.com,9433665422,"House-565, Bhopal",Bhopal,Madhya Pradesh,114338,2026-03-03 00:00:00,2026-03-08 00:00:00
142,Kavita Singh,kavita.singh142@gmail.com,9595475899,"House-970, Puri",Puri,Odisha,223172,2026-02-27 00:00:00,2026-03-02 00:00:00
143,Ankit Gupta,ankit.gupta143@gmail.com,9546129354,"House-855, Lucknow",Lucknow,Uttar Pradesh,605937,2026-05-11 00:00:00,2026-05-19 00:00:00
144,Arun Nayak,arun.nayak144@gmail.com,9511872350,"House-196, Kochi",Kochi,Kerala,728492,2026-05-22 00:00:00,2026-05-26 00:00:00
145,Sunita Jena,sunita.jena145@gmail.com,9929653607,"House-809, Sambalpur",Sambalpur,Odisha,535098,2026-01-18 00:00:00,2026-01-26 00:00:00
146,Deepak Iyer,deepak.iyer146@gmail.com,9403696046,"House-744, Pune",Pune,Maharashtra,413058,2026-03-10 00:00:00,2026-03-10 00:00:00
147,Manoj Sahoo,manoj.sahoo147@gmail.com,9678296492,"House-496, Mumbai",Mumbai,Maharashtra,461888,2026-02-08 00:00:00,2026-02-22 00:00:00
148,Deepak Mishra,deepak.mishra148@gmail.com,9445505799,"House-891, Ahmedabad",Ahmedabad,Gujarat,297816,2026-04-07 00:00:00,2026-04-21 00:00:00
149,Neha Sahoo,neha.sahoo149@gmail.com,9146865930,"House-326, Chennai",Chennai,Tamil Nadu,595951,2026-03-01 00:00:00,2026-03-14 00:00:00
150,Kiran Singh,kiran.singh150@gmail.com,9235555899,"House-515, Sambalpur",Sambalpur,Odisha,718849,2026-05-07 00:00:00,2026-05-08 00:00:00
151,Deepak Joshi,deepak.joshi151@gmail.com,9664735673,"House-933, Rourkela",Rourkela,Odisha,579123,2026-04-23 00:00:00,2026-04-26 00:00:00
152,Amit Jena,amit.jena152@gmail.com,9265744099,"House-77, Sambalpur",Sambalpur,Odisha,592296,2026-04-15 00:00:00,2026-05-05 00:00:00
153,Suresh Verma,suresh.verma153@gmail.com,9797756796,"House-83, Bhopal",Bhopal,Madhya Pradesh,444525,2026-06-27 00:00:00,2026-07-09 00:00:00
154,Kavita Singh,kavita.singh154@gmail.com,9680911523,"House-37, Noida",Noida,Uttar Pradesh,747453,2026-06-10 00:00:00,2026-06-25 00:00:00
155,Priya Nayak,priya.nayak155@gmail.com,9565973314,"House-101, Lucknow",Lucknow,Uttar Pradesh,764532,2026-02-28 00:00:00,2026-03-02 00:00:00
156,Sneha Gupta,sneha.gupta156@gmail.com,9131081879,"House-48, Kolkata",Kolkata,West Bengal,440131,2026-06-27 00:00:00,2026-07-06 00:00:00
157,Rahul Reddy,rahul.reddy157@gmail.com,9256304376,"House-251, Bengaluru",Bengaluru,Karnataka,656968,2026-04-06 00:00:00,2026-04-19 00:00:00
158,Nisha Sahoo,nisha.sahoo158@gmail.com,9184791618,"House-625, Kolkata",Kolkata,West Bengal,501126,2026-02-13 00:00:00,2026-02-18 00:00:00
159,Suman Mohanty,suman.mohanty159@gmail.com,9253671484,"House-238, Durgapur",Durgapur,West Bengal,583550,2026-05-08 00:00:00,2026-05-26 00:00:00
160,Suresh Gupta,suresh.gupta160@gmail.com,9963968184,"House-477, New Delhi",New Delhi,Delhi,401603,2026-06-20 00:00:00,2026-06-20 00:00:00
161,Kavita Das,kavita.das161@gmail.com,9730900313,"House-307, Puri",Puri,Odisha,769975,2026-04-24 00:00:00,2026-05-05 00:00:00
162,Nisha Jena,nisha.jena162@gmail.com,9313907621,"House-394, New Delhi",New Delhi,Delhi,606680,2026-04-27 00:00:00,2026-05-06 00:00:00
163,Sneha Nayak,sneha.nayak163@gmail.com,9717199615,"House-303, Chennai",Chennai,Tamil Nadu,409571,2026-05-27 00:00:00,2026-06-07 00:00:00
164,Amit Joshi,amit.joshi164@gmail.com,9707661655,"House-886, Chennai",Chennai,Tamil Nadu,151426,2026-03-12 00:00:00,2026-03-12 00:00:00
165,Suman Jena,suman.jena165@gmail.com,9751831074,"House-822, Mumbai",Mumbai,Maharashtra,469435,2026-03-15 00:00:00,2026-03-22 00:00:00
166,Neha Mohanty,neha.mohanty166@gmail.com,9827744047,"House-774, Howrah",Howrah,West Bengal,791201,2026-06-08 00:00:00,2026-06-16 00:00:00
167,Ankit Mohanty,ankit.mohanty167@gmail.com,9142329671,"House-317, Rourkela",Rourkela,Odisha,562236,2026-06-10 00:00:00,2026-06-30 00:00:00
168,Rahul Sahoo,rahul.sahoo168@gmail.com,9416872439,"House-335, Bengaluru",Bengaluru,Karnataka,535686,2026-02-03 00:00:00,2026-02-05 00:00:00
169,Rohit Nayak,rohit.nayak169@gmail.com,9669998399,"House-514, Sambalpur",Sambalpur,Odisha,385765,2026-05-19 00:00:00,2026-05-30 00:00:00
170,Rohit Reddy,rohit.reddy170@gmail.com,9963538119,"House-118, Mumbai",Mumbai,Maharashtra,591081,2026-03-17 00:00:00,2026-03-27 00:00:00
171,Priya Das,priya.das171@gmail.com,9963919401,"House-571, Durgapur",Durgapur,West Bengal,483542,2026-06-23 00:00:00,2026-07-05 00:00:00
172,Priya Kumar,priya.kumar172@gmail.com,9676140134,"House-127, Chennai",Chennai,Tamil Nadu,576877,2026-01-04 00:00:00,2026-01-12 00:00:00
173,Anjali Mohanty,anjali.mohanty173@gmail.com,9983063850,"House-654, New Delhi",New Delhi,Delhi,489518,2026-05-30 00:00:00,2026-06-11 00:00:00
174,Sneha Mohanty,sneha.mohanty174@gmail.com,9765233376,"House-906, Durgapur",Durgapur,West Bengal,688678,2026-05-01 00:00:00,2026-05-01 00:00:00
175,Deepak Iyer,deepak.iyer175@gmail.com,9167878777,"House-651, Bhopal",Bhopal,Madhya Pradesh,586819,2026-02-26 00:00:00,2026-03-18 00:00:00
176,Rakesh Mohanty,rakesh.mohanty176@gmail.com,9148690765,"House-969, Hyderabad",Hyderabad,Telangana,139019,2026-01-30 00:00:00,2026-02-03 00:00:00
177,Rakesh Gupta,rakesh.gupta177@gmail.com,9677186272,"House-139, Rourkela",Rourkela,Odisha,507524,2026-01-25 00:00:00,2026-02-01 00:00:00
178,Vikram Verma,vikram.verma178@gmail.com,9897005281,"House-745, Ahmedabad",Ahmedabad,Gujarat,262029,2026-04-18 00:00:00,2026-05-06 00:00:00
179,Nisha Mohanty,nisha.mohanty179@gmail.com,9538211092,"House-962, Rourkela",Rourkela,Odisha,393328,2026-05-06 00:00:00,2026-05-25 00:00:00
180,Rahul Jena,rahul.jena180@gmail.com,9577488537,"House-974, Bengaluru",Bengaluru,Karnataka,347582,2026-02-25 00:00:00,2026-03-11 00:00:00
181,Anjali Patel,anjali.patel181@gmail.com,9485123110,"House-63, Bengaluru",Bengaluru,Karnataka,517479,2026-05-20 00:00:00,2026-06-09 00:00:00
182,Suresh Nayak,suresh.nayak182@gmail.com,9811642514,"House-218, Rourkela",Rourkela,Odisha,772875,2026-04-27 00:00:00,2026-04-29 00:00:00
183,Suman Sharma,suman.sharma183@gmail.com,9235209737,"House-806, Cuttack",Cuttack,Odisha,692002,2026-03-27 00:00:00,2026-04-03 00:00:00
184,Pooja Patel,pooja.patel184@gmail.com,9331875999,"House-833, Ahmedabad",Ahmedabad,Gujarat,344316,2026-02-23 00:00:00,2026-03-13 00:00:00
185,Deepak Kumar,deepak.kumar185@gmail.com,9397721596,"House-880, Sambalpur",Sambalpur,Odisha,251716,2026-06-02 00:00:00,2026-06-02 00:00:00
186,Ankit Mishra,ankit.mishra186@gmail.com,9809805235,"House-888, New Delhi",New Delhi,Delhi,127032,2026-02-14 00:00:00,2026-02-17 00:00:00
187,Ankit Sharma,ankit.sharma187@gmail.com,9447646966,"House-17, Bengaluru",Bengaluru,Karnataka,282710,2026-03-02 00:00:00,2026-03-20 00:00:00
188,Suresh Sharma,suresh.sharma188@gmail.com,9222030010,"House-764, Sambalpur",Sambalpur,Odisha,166645,2026-04-18 00:00:00,2026-05-04 00:00:00
189,Arun Gupta,arun.gupta189@gmail.com,9217095851,"House-463, Bengaluru",Bengaluru,Karnataka,628313,2026-05-12 00:00:00,2026-05-30 00:00:00
190,Neha Sahoo,neha.sahoo190@gmail.com,9423873102,"House-470, Cuttack",Cuttack,Odisha,774591,2026-06-18 00:00:00,2026-07-04 00:00:00
191,Amit Sharma,amit.sharma191@gmail.com,9836691577,"House-111, Mumbai",Mumbai,Maharashtra,614084,2026-04-13 00:00:00,2026-04-26 00:00:00
192,Vikram Patel,vikram.patel192@gmail.com,9259272239,"House-68, Puri",Puri,Odisha,232321,2026-03-24 00:00:00,2026-04-12 00:00:00
193,Suresh Sahoo,suresh.sahoo193@gmail.com,9508992977,"House-612, Surat",Surat,Gujarat,656329,2026-05-21 00:00:00,2026-05-31 00:00:00
194,Rakesh Gupta,rakesh.gupta194@gmail.com,9206492059,"House-813, Pune",Pune,Maharashtra,219971,2026-06-04 00:00:00,2026-06-17 00:00:00
195,Kavita Jena,kavita.jena195@gmail.com,9345343109,"House-424, Howrah",Howrah,West Bengal,455395,2026-04-21 00:00:00,2026-05-05 00:00:00
196,Vikram Singh,vikram.singh196@gmail.com,9558234365,"House-321, Hyderabad",Hyderabad,Telangana,797416,2026-01-25 00:00:00,2026-02-04 00:00:00
197,Suresh Verma,suresh.verma197@gmail.com,9172083844,"House-94, Sambalpur",Sambalpur,Odisha,189511,2026-06-25 00:00:00,2026-07-10 00:00:00
198,Priya Singh,priya.singh198@gmail.com,9697398528,"House-62, Rourkela",Rourkela,Odisha,714953,2026-04-06 00:00:00,2026-04-10 00:00:00
199,Kavita Mishra,kavita.mishra199@gmail.com,9541102414,"House-363, Noida",Noida,Uttar Pradesh,797660,2026-06-21 00:00:00,2026-06-24 00:00:00
200,Nisha Joshi,nisha.joshi200@gmail.com,9435489452,"House-361, Cuttack",Cuttack,Odisha,208633,2026-03-15 00:00:00,2026-04-03 00:00:00
201,Manoj Mishra,manoj.mishra201@gmail.com,9340781088,"House-868, Howrah",Howrah,West Bengal,213475,2026-02-09 00:00:00,2026-02-24 00:00:00
202,Anjali Joshi,anjali.joshi202@gmail.com,9918841563,"House-286, Ahmedabad",Ahmedabad,Gujarat,701987,2026-04-05 00:00:00,2026-04-08 00:00:00
203,Neha Kumar,neha.kumar203@gmail.com,9758819288,"House-692, Hyderabad",Hyderabad,Telangana,773918,2026-05-24 00:00:00,2026-06-12 00:00:00
204,Kavita Sharma,kavita.sharma204@gmail.com,9131088245,"House-185, Bhopal",Bhopal,Madhya Pradesh,386544,2026-06-18 00:00:00,2026-06-26 00:00:00
205,Rakesh Iyer,rakesh.iyer205@gmail.com,9294782734,"House-891, Noida",Noida,Uttar Pradesh,250210,2026-03-31 00:00:00,2026-03-31 00:00:00
206,Manoj Mohanty,manoj.mohanty206@gmail.com,9895609471,"House-649, Chennai",Chennai,Tamil Nadu,132146,2026-01-18 00:00:00,2026-01-22 00:00:00
207,Priya Jena,priya.jena207@gmail.com,9550791704,"House-465, Pune",Pune,Maharashtra,457455,2026-02-25 00:00:00,2026-03-09 00:00:00
208,Rohit Verma,rohit.verma208@gmail.com,9740190407,"House-87, Lucknow",Lucknow,Uttar Pradesh,155164,2026-03-25 00:00:00,2026-04-12 00:00:00
209,Ankit Das,ankit.das209@gmail.com,9392168202,"House-454, Bhopal",Bhopal,Madhya Pradesh,794093,2026-01-13 00:00:00,2026-01-15 00:00:00
210,Nisha Gupta,nisha.gupta210@gmail.com,9393310667,"House-221, Bhopal",Bhopal,Madhya Pradesh,637234,2026-04-24 00:00:00,2026-05-07 00:00:00
211,Sneha Verma,sneha.verma211@gmail.com,9828230915,"House-695, Hyderabad",Hyderabad,Telangana,721946,2026-01-29 00:00:00,2026-02-07 00:00:00
212,Arun Mishra,arun.mishra212@gmail.com,9524410834,"House-614, Lucknow",Lucknow,Uttar Pradesh,157443,2026-01-12 00:00:00,2026-01-19 00:00:00
213,Amit Nayak,amit.nayak213@gmail.com,9920511515,"House-262, Lucknow",Lucknow,Uttar Pradesh,403507,2026-02-24 00:00:00,2026-02-28 00:00:00
214,Deepak Patel,deepak.patel214@gmail.com,9288650860,"House-133, Bhubaneswar",Bhubaneswar,Odisha,498676,2026-05-08 00:00:00,2026-05-21 00:00:00
215,Kavita Jena,kavita.jena215@gmail.com,9994807263,"House-685, Durgapur",Durgapur,West Bengal,471371,2026-05-09 00:00:00,2026-05-26 00:00:00
216,Priya Singh,priya.singh216@gmail.com,9593657365,"House-944, Cuttack",Cuttack,Odisha,181644,2026-04-22 00:00:00,2026-04-22 00:00:00
217,Deepak Sahoo,deepak.sahoo217@gmail.com,9861818706,"House-656, Hyderabad",Hyderabad,Telangana,537983,2026-05-27 00:00:00,2026-06-08 00:00:00
218,Rakesh Patel,rakesh.patel218@gmail.com,9284547422,"House-821, Chennai",Chennai,Tamil Nadu,748151,2026-01-06 00:00:00,2026-01-16 00:00:00
219,Vikram Joshi,vikram.joshi219@gmail.com,9213669678,"House-250, Bengaluru",Bengaluru,Karnataka,556839,2026-01-23 00:00:00,2026-02-05 00:00:00
220,Manoj Singh,manoj.singh220@gmail.com,9433154770,"House-764, Pune",Pune,Maharashtra,456005,2026-01-21 00:00:00,2026-02-02 00:00:00
221,Neha Verma,neha.verma221@gmail.com,9779919809,"House-117, Kolkata",Kolkata,West Bengal,656379,2026-01-20 00:00:00,2026-02-05 00:00:00
222,Sunita Nayak,sunita.nayak222@gmail.com,9975139327,"House-152, Bengaluru",Bengaluru,Karnataka,347745,2026-03-31 00:00:00,2026-04-20 00:00:00
223,Sneha Das,sneha.das223@gmail.com,9746820987,"House-157, New Delhi",New Delhi,Delhi,787351,2026-02-20 00:00:00,2026-02-25 00:00:00
224,Priya Das,priya.das224@gmail.com,9915911873,"House-594, Mumbai",Mumbai,Maharashtra,570711,2026-04-29 00:00:00,2026-05-17 00:00:00
225,Manoj Mohanty,manoj.mohanty225@gmail.com,9439451556,"House-155, Bhopal",Bhopal,Madhya Pradesh,561124,2026-03-24 00:00:00,2026-04-13 00:00:00
226,Priya Gupta,priya.gupta226@gmail.com,9955052486,"House-282, Kochi",Kochi,Kerala,720148,2026-06-11 00:00:00,2026-06-20 00:00:00
227,Rahul Verma,rahul.verma227@gmail.com,9595792218,"House-463, Pune",Pune,Maharashtra,139434,2026-01-19 00:00:00,2026-01-28 00:00:00
228,Rahul Verma,rahul.verma228@gmail.com,9196955134,"House-630, Lucknow",Lucknow,Uttar Pradesh,722937,2026-01-20 00:00:00,2026-02-09 00:00:00
229,Sunita Singh,sunita.singh229@gmail.com,9950207886,"House-757, Kochi",Kochi,Kerala,143015,2026-05-29 00:00:00,2026-06-15 00:00:00
230,Vikram Iyer,vikram.iyer230@gmail.com,9445236735,"House-620, Surat",Surat,Gujarat,598733,2026-06-16 00:00:00,2026-06-22 00:00:00
231,Sunita Das,sunita.das231@gmail.com,9970768982,"House-921, Cuttack",Cuttack,Odisha,460120,2026-04-26 00:00:00,2026-04-29 00:00:00
232,Priya Mishra,priya.mishra232@gmail.com,9859803019,"House-449, Kolkata",Kolkata,West Bengal,560767,2026-01-11 00:00:00,2026-01-18 00:00:00
233,Sunita Mishra,sunita.mishra233@gmail.com,9500346767,"House-940, Bhopal",Bhopal,Madhya Pradesh,396635,2026-02-10 00:00:00,2026-02-21 00:00:00
234,Kiran Singh,kiran.singh234@gmail.com,9156227043,"House-809, Noida",Noida,Uttar Pradesh,761532,2026-06-23 00:00:00,2026-07-12 00:00:00
235,Deepak Patel,deepak.patel235@gmail.com,9828404274,"House-396, Noida",Noida,Uttar Pradesh,397949,2026-01-25 00:00:00,2026-02-11 00:00:00
236,Suresh Jena,suresh.jena236@gmail.com,9187512088,"House-597, Bhopal",Bhopal,Madhya Pradesh,795847,2026-02-08 00:00:00,2026-02-18 00:00:00
237,Ankit Iyer,ankit.iyer237@gmail.com,9849987147,"House-679, Bengaluru",Bengaluru,Karnataka,510997,2026-03-21 00:00:00,2026-04-10 00:00:00
238,Ankit Sahoo,ankit.sahoo238@gmail.com,9504456327,"House-659, Puri",Puri,Odisha,444432,2026-03-21 00:00:00,2026-04-07 00:00:00
239,Ankit Mohanty,ankit.mohanty239@gmail.com,9819896690,"House-434, Pune",Pune,Maharashtra,633188,2026-01-24 00:00:00,2026-02-13 00:00:00
240,Anjali Sharma,anjali.sharma240@gmail.com,9329987621,"House-350, Bengaluru",Bengaluru,Karnataka,609892,2026-03-21 00:00:00,2026-03-26 00:00:00
241,Pooja Nayak,pooja.nayak241@gmail.com,9417604347,"House-865, Sambalpur",Sambalpur,Odisha,206053,2026-02-09 00:00:00,2026-02-11 00:00:00
242,Sunita Kumar,sunita.kumar242@gmail.com,9810741110,"House-345, Ahmedabad",Ahmedabad,Gujarat,748052,2026-05-15 00:00:00,2026-05-16 00:00:00
243,Ankit Sahoo,ankit.sahoo243@gmail.com,9294181873,"House-852, Chennai",Chennai,Tamil Nadu,755087,2026-02-09 00:00:00,2026-02-14 00:00:00
244,Rohit Jena,rohit.jena244@gmail.com,9491163514,"House-693, Kochi",Kochi,Kerala,349068,2026-01-12 00:00:00,2026-01-25 00:00:00
245,Vikram Sahoo,vikram.sahoo245@gmail.com,9673390109,"House-245, Lucknow",Lucknow,Uttar Pradesh,424500,2026-04-25 00:00:00,2026-05-02 00:00:00
246,Arun Iyer,arun.iyer246@gmail.com,9573087862,"House-473, Howrah",Howrah,West Bengal,395459,2026-04-05 00:00:00,2026-04-23 00:00:00
247,Kiran Mishra,kiran.mishra247@gmail.com,9977130288,"House-205, Pune",Pune,Maharashtra,734035,2026-04-18 00:00:00,2026-04-23 00:00:00
248,Ankit Joshi,ankit.joshi248@gmail.com,9616030284,"House-896, New Delhi",New Delhi,Delhi,489244,2026-01-14 00:00:00,2026-02-03 00:00:00
249,Kavita Iyer,kavita.iyer249@gmail.com,9406084084,"House-86, Rourkela",Rourkela,Odisha,268099,2026-05-13 00:00:00,2026-05-16 00:00:00
250,Suresh Gupta,suresh.gupta250@gmail.com,9198476695,"House-970, Pune",Pune,Maharashtra,332823,2026-02-07 00:00:00,2026-02-20 00:00:00
251,Vikram Iyer,vikram.iyer251@gmail.com,9157184151,"House-406, Bengaluru",Bengaluru,Karnataka,626392,2026-01-07 00:00:00,2026-01-20 00:00:00
252,Anjali Nayak,anjali.nayak252@gmail.com,9341096660,"House-29, Chennai",Chennai,Tamil Nadu,434165,2026-01-21 00:00:00,2026-02-01 00:00:00
253,Sneha Joshi,sneha.joshi253@gmail.com,9141127742,"House-294, Noida",Noida,Uttar Pradesh,595404,2026-02-07 00:00:00,2026-02-11 00:00:00
254,Ankit Kumar,ankit.kumar254@gmail.com,9105638424,"House-928, Mumbai",Mumbai,Maharashtra,183074,2026-04-25 00:00:00,2026-05-14 00:00:00
255,Amit Reddy,amit.reddy255@gmail.com,9880862406,"House-624, Howrah",Howrah,West Bengal,653408,2026-02-08 00:00:00,2026-02-25 00:00:00
256,Nisha Patel,nisha.patel256@gmail.com,9230833665,"House-49, Lucknow",Lucknow,Uttar Pradesh,350021,2026-03-02 00:00:00,2026-03-11 00:00:00
257,Nisha Mohanty,nisha.mohanty257@gmail.com,9219032752,"House-857, Bhopal",Bhopal,Madhya Pradesh,624108,2026-04-28 00:00:00,2026-04-30 00:00:00
258,Suman Mishra,suman.mishra258@gmail.com,9717452511,"House-248, Bhubaneswar",Bhubaneswar,Odisha,250551,2026-06-11 00:00:00,2026-06-27 00:00:00
259,Rakesh Singh,rakesh.singh259@gmail.com,9358303887,"House-585, Bhubaneswar",Bhubaneswar,Odisha,536802,2026-06-07 00:00:00,2026-06-18 00:00:00
260,Rohit Mohanty,rohit.mohanty260@gmail.com,9172670118,"House-977, Puri",Puri,Odisha,651613,2026-05-15 00:00:00,2026-05-26 00:00:00
261,Kavita Mishra,kavita.mishra261@gmail.com,9519246503,"House-895, Pune",Pune,Maharashtra,592972,2026-05-22 00:00:00,2026-05-22 00:00:00
262,Rahul Mohanty,rahul.mohanty262@gmail.com,9902425085,"House-17, Chennai",Chennai,Tamil Nadu,474440,2026-04-06 00:00:00,2026-04-14 00:00:00
263,Priya Verma,priya.verma263@gmail.com,9211308231,"House-791, Durgapur",Durgapur,West Bengal,710169,2026-06-18 00:00:00,2026-07-08 00:00:00
264,Deepak Das,deepak.das264@gmail.com,9463512350,"House-834, Cuttack",Cuttack,Odisha,774020,2026-04-01 00:00:00,2026-04-18 00:00:00
265,Rohit Joshi,rohit.joshi265@gmail.com,9778321204,"House-187, Kochi",Kochi,Kerala,241403,2026-06-28 00:00:00,2026-07-13 00:00:00
266,Priya Jena,priya.jena266@gmail.com,9316456682,"House-45, Kochi",Kochi,Kerala,309159,2026-01-10 00:00:00,2026-01-19 00:00:00
267,Rahul Verma,rahul.verma267@gmail.com,9975535611,"House-557, Lucknow",Lucknow,Uttar Pradesh,596395,2026-05-12 00:00:00,2026-05-24 00:00:00
268,Suresh Sharma,suresh.sharma268@gmail.com,9938422254,"House-49, Howrah",Howrah,West Bengal,787584,2026-03-15 00:00:00,2026-03-26 00:00:00
269,Deepak Reddy,deepak.reddy269@gmail.com,9529520110,"House-762, Rourkela",Rourkela,Odisha,561097,2026-04-05 00:00:00,2026-04-18 00:00:00
270,Kiran Verma,kiran.verma270@gmail.com,9494435754,"House-947, Kolkata",Kolkata,West Bengal,644500,2026-05-08 00:00:00,2026-05-23 00:00:00
271,Suresh Kumar,suresh.kumar271@gmail.com,9562360908,"House-617, Puri",Puri,Odisha,289222,2026-04-19 00:00:00,2026-04-21 00:00:00
272,Kavita Reddy,kavita.reddy272@gmail.com,9452101316,"House-677, Noida",Noida,Uttar Pradesh,410000,2026-01-27 00:00:00,2026-01-29 00:00:00
273,Rakesh Gupta,rakesh.gupta273@gmail.com,9840629322,"House-455, Bhopal",Bhopal,Madhya Pradesh,468623,2026-04-20 00:00:00,2026-04-25 00:00:00
274,Vikram Sharma,vikram.sharma274@gmail.com,9394801573,"House-655, Bengaluru",Bengaluru,Karnataka,160144,2026-06-07 00:00:00,2026-06-20 00:00:00
275,Priya Mohanty,priya.mohanty275@gmail.com,9960170255,"House-768, Chennai",Chennai,Tamil Nadu,267758,2026-04-04 00:00:00,2026-04-20 00:00:00
276,Amit Das,amit.das276@gmail.com,9137365109,"House-130, Bhopal",Bhopal,Madhya Pradesh,170499,2026-06-23 00:00:00,2026-07-07 00:00:00
277,Neha Kumar,neha.kumar277@gmail.com,9709074302,"House-34, Bengaluru",Bengaluru,Karnataka,734487,2026-04-03 00:00:00,2026-04-15 00:00:00
278,Ankit Mohanty,ankit.mohanty278@gmail.com,9576676179,"House-782, Kochi",Kochi,Kerala,180620,2026-04-05 00:00:00,2026-04-16 00:00:00
279,Manoj Das,manoj.das279@gmail.com,9437568796,"House-666, Pune",Pune,Maharashtra,392227,2026-04-04 00:00:00,2026-04-16 00:00:00
280,Neha Patel,neha.patel280@gmail.com,9655924752,"House-397, Bhubaneswar",Bhubaneswar,Odisha,688956,2026-02-17 00:00:00,2026-03-04 00:00:00
281,Sneha Reddy,sneha.reddy281@gmail.com,9330393232,"House-627, New Delhi",New Delhi,Delhi,399449,2026-06-30 00:00:00,2026-07-14 00:00:00
282,Arun Nayak,arun.nayak282@gmail.com,9585377142,"House-177, Rourkela",Rourkela,Odisha,566732,2026-02-04 00:00:00,2026-02-06 00:00:00
283,Priya Kumar,priya.kumar283@gmail.com,9861863296,"House-67, Noida",Noida,Uttar Pradesh,676713,2026-06-20 00:00:00,2026-07-01 00:00:00
284,Kavita Reddy,kavita.reddy284@gmail.com,9286928799,"House-813, Lucknow",Lucknow,Uttar Pradesh,479052,2026-02-10 00:00:00,2026-03-02 00:00:00
285,Sunita Nayak,sunita.nayak285@gmail.com,9354193540,"House-810, Rourkela",Rourkela,Odisha,618019,2026-02-21 00:00:00,2026-02-25 00:00:00
286,Amit Verma,amit.verma286@gmail.com,9601873197,"House-823, Ahmedabad",Ahmedabad,Gujarat,678443,2026-05-27 00:00:00,2026-06-07 00:00:00
287,Ankit Sahoo,ankit.sahoo287@gmail.com,9527521016,"House-735, Puri",Puri,Odisha,601916,2026-01-17 00:00:00,2026-01-26 00:00:00
288,Sunita Singh,sunita.singh288@gmail.com,9234568604,"House-996, Hyderabad",Hyderabad,Telangana,432427,2026-05-28 00:00:00,2026-05-30 00:00:00
289,Priya Gupta,priya.gupta289@gmail.com,9469919929,"House-132, Kochi",Kochi,Kerala,678083,2026-06-24 00:00:00,2026-07-10 00:00:00
290,Manoj Das,manoj.das290@gmail.com,9159499094,"House-852, Sambalpur",Sambalpur,Odisha,230192,2026-04-21 00:00:00,2026-05-07 00:00:00
291,Sunita Das,sunita.das291@gmail.com,9446454337,"House-958, Lucknow",Lucknow,Uttar Pradesh,336422,2026-02-12 00:00:00,2026-02-17 00:00:00
292,Anjali Mishra,anjali.mishra292@gmail.com,9310777576,"House-651, Lucknow",Lucknow,Uttar Pradesh,677599,2026-01-21 00:00:00,2026-01-29 00:00:00
293,Suresh Das,suresh.das293@gmail.com,9200317984,"House-515, Lucknow",Lucknow,Uttar Pradesh,772124,2026-06-07 00:00:00,2026-06-24 00:00:00
294,Rohit Sahoo,rohit.sahoo294@gmail.com,9807309035,"House-640, Surat",Surat,Gujarat,734534,2026-02-09 00:00:00,2026-02-14 00:00:00
295,Deepak Joshi,deepak.joshi295@gmail.com,9187212377,"House-47, Surat",Surat,Gujarat,772612,2026-01-11 00:00:00,2026-01-11 00:00:00
296,Manoj Reddy,manoj.reddy296@gmail.com,9763688866,"House-655, Howrah",Howrah,West Bengal,131757,2026-05-27 00:00:00,2026-06-09 00:00:00
297,Arun Iyer,arun.iyer297@gmail.com,9424371087,"House-495, Ahmedabad",Ahmedabad,Gujarat,356773,2026-03-16 00:00:00,2026-04-05 00:00:00
298,Kiran Reddy,kiran.reddy298@gmail.com,9269737590,"House-451, Kochi",Kochi,Kerala,535810,2026-01-19 00:00:00,2026-01-20 00:00:00
299,Arun Gupta,arun.gupta299@gmail.com,9254263081,"House-321, Howrah",Howrah,West Bengal,434827,2026-03-29 00:00:00,2026-04-17 00:00:00
300,Anjali Singh,anjali.singh300@gmail.com,9703068400,"House-109, Sambalpur",Sambalpur,Odisha,434617,2026-04-05 00:00:00,2026-04-21 00:00:00
301,Neha Gupta,neha.gupta301@gmail.com,9366200875,"House-145, Rourkela",Rourkela,Odisha,201514,2026-03-10 00:00:00,2026-03-24 00:00:00
302,Rahul Reddy,rahul.reddy302@gmail.com,9366578178,"House-986, Chennai",Chennai,Tamil Nadu,267457,2026-06-07 00:00:00,2026-06-20 00:00:00
303,Deepak Iyer,deepak.iyer303@gmail.com,9919395339,"House-164, Surat",Surat,Gujarat,622469,2026-03-22 00:00:00,2026-03-28 00:00:00
304,Sunita Gupta,sunita.gupta304@gmail.com,9124885365,"House-93, Mumbai",Mumbai,Maharashtra,512344,2026-03-20 00:00:00,2026-04-04 00:00:00
305,Sunita Gupta,sunita.gupta305@gmail.com,9478918222,"House-50, Durgapur",Durgapur,West Bengal,152995,2026-02-25 00:00:00,2026-03-15 00:00:00
306,Rakesh Gupta,rakesh.gupta306@gmail.com,9406819991,"House-550, Bhopal",Bhopal,Madhya Pradesh,108574,2026-06-17 00:00:00,2026-07-02 00:00:00
307,Sneha Singh,sneha.singh307@gmail.com,9920184955,"House-413, Sambalpur",Sambalpur,Odisha,483713,2026-03-09 00:00:00,2026-03-20 00:00:00
308,Rahul Singh,rahul.singh308@gmail.com,9309009538,"House-372, Cuttack",Cuttack,Odisha,680096,2026-05-26 00:00:00,2026-06-12 00:00:00
309,Rakesh Patel,rakesh.patel309@gmail.com,9920772671,"House-564, Chennai",Chennai,Tamil Nadu,393308,2026-05-10 00:00:00,2026-05-24 00:00:00
310,Suman Mohanty,suman.mohanty310@gmail.com,9203810954,"House-404, Bhopal",Bhopal,Madhya Pradesh,491326,2026-01-31 00:00:00,2026-02-04 00:00:00
311,Deepak Mishra,deepak.mishra311@gmail.com,9746889670,"House-522, Bengaluru",Bengaluru,Karnataka,520884,2026-02-06 00:00:00,2026-02-12 00:00:00
312,Sunita Sharma,sunita.sharma312@gmail.com,9866213410,"House-342, Cuttack",Cuttack,Odisha,596756,2026-01-10 00:00:00,2026-01-14 00:00:00
313,Sunita Gupta,sunita.gupta313@gmail.com,9250088694,"House-336, Sambalpur",Sambalpur,Odisha,742848,2026-06-05 00:00:00,2026-06-21 00:00:00
314,Deepak Das,deepak.das314@gmail.com,9737506993,"House-345, Chennai",Chennai,Tamil Nadu,631958,2026-06-07 00:00:00,2026-06-16 00:00:00
315,Sunita Mishra,sunita.mishra315@gmail.com,9609912042,"House-836, Mumbai",Mumbai,Maharashtra,117445,2026-05-25 00:00:00,2026-06-03 00:00:00
316,Anjali Verma,anjali.verma316@gmail.com,9430366556,"House-816, Rourkela",Rourkela,Odisha,759827,2026-04-17 00:00:00,2026-05-05 00:00:00
317,Amit Sahoo,amit.sahoo317@gmail.com,9940636753,"House-996, Mumbai",Mumbai,Maharashtra,706574,2026-03-09 00:00:00,2026-03-29 00:00:00
318,Manoj Nayak,manoj.nayak318@gmail.com,9283085932,"House-537, Cuttack",Cuttack,Odisha,759580,2026-05-30 00:00:00,2026-06-14 00:00:00
319,Suman Kumar,suman.kumar319@gmail.com,9133898577,"House-587, Chennai",Chennai,Tamil Nadu,215233,2026-02-07 00:00:00,2026-02-14 00:00:00
320,Pooja Sharma,pooja.sharma320@gmail.com,9262598077,"House-423, Kochi",Kochi,Kerala,313795,2026-03-22 00:00:00,2026-04-04 00:00:00
321,Nisha Mishra,nisha.mishra321@gmail.com,9857820386,"House-142, Bhopal",Bhopal,Madhya Pradesh,643878,2026-05-01 00:00:00,2026-05-02 00:00:00
322,Pooja Mishra,pooja.mishra322@gmail.com,9664226794,"House-386, Noida",Noida,Uttar Pradesh,428993,2026-06-19 00:00:00,2026-07-04 00:00:00
323,Rohit Gupta,rohit.gupta323@gmail.com,9480412754,"House-693, Ahmedabad",Ahmedabad,Gujarat,774558,2026-03-29 00:00:00,2026-04-15 00:00:00
324,Suresh Sahoo,suresh.sahoo324@gmail.com,9399580835,"House-572, Mumbai",Mumbai,Maharashtra,412999,2026-02-19 00:00:00,2026-02-26 00:00:00
325,Neha Reddy,neha.reddy325@gmail.com,9841139461,"House-722, Lucknow",Lucknow,Uttar Pradesh,612756,2026-06-30 00:00:00,2026-07-06 00:00:00
326,Deepak Gupta,deepak.gupta326@gmail.com,9409011489,"House-125, Bengaluru",Bengaluru,Karnataka,701334,2026-05-24 00:00:00,2026-06-01 00:00:00
327,Kavita Singh,kavita.singh327@gmail.com,9411871167,"House-44, Chennai",Chennai,Tamil Nadu,401602,2026-03-30 00:00:00,2026-04-03 00:00:00
328,Priya Verma,priya.verma328@gmail.com,9902448600,"House-491, Kochi",Kochi,Kerala,324381,2026-06-17 00:00:00,2026-06-25 00:00:00
329,Pooja Joshi,pooja.joshi329@gmail.com,9847508242,"House-279, Ahmedabad",Ahmedabad,Gujarat,243941,2026-03-11 00:00:00,2026-03-28 00:00:00
330,Sneha Sahoo,sneha.sahoo330@gmail.com,9154508960,"House-686, Surat",Surat,Gujarat,656837,2026-03-03 00:00:00,2026-03-10 00:00:00
331,Neha Mohanty,neha.mohanty331@gmail.com,9543778963,"House-339, Durgapur",Durgapur,West Bengal,595351,2026-01-14 00:00:00,2026-01-17 00:00:00
332,Sneha Mohanty,sneha.mohanty332@gmail.com,9269587940,"House-417, Sambalpur",Sambalpur,Odisha,784607,2026-01-02 00:00:00,2026-01-19 00:00:00
333,Arun Gupta,arun.gupta333@gmail.com,9406462391,"House-662, Howrah",Howrah,West Bengal,162036,2026-03-15 00:00:00,2026-03-25 00:00:00
334,Priya Mohanty,priya.mohanty334@gmail.com,9893158610,"House-741, Surat",Surat,Gujarat,139110,2026-03-01 00:00:00,2026-03-18 00:00:00
335,Rohit Singh,rohit.singh335@gmail.com,9946066287,"House-508, Kolkata",Kolkata,West Bengal,295361,2026-01-10 00:00:00,2026-01-22 00:00:00
336,Rakesh Iyer,rakesh.iyer336@gmail.com,9709844411,"House-618, Cuttack",Cuttack,Odisha,212512,2026-01-03 00:00:00,2026-01-12 00:00:00
337,Deepak Reddy,deepak.reddy337@gmail.com,9662982736,"House-506, Kochi",Kochi,Kerala,240718,2026-06-14 00:00:00,2026-07-01 00:00:00
338,Sunita Gupta,sunita.gupta338@gmail.com,9455069350,"House-167, New Delhi",New Delhi,Delhi,581206,2026-02-19 00:00:00,2026-02-22 00:00:00
339,Suresh Jena,suresh.jena339@gmail.com,9949080318,"House-303, Kolkata",Kolkata,West Bengal,695361,2026-01-04 00:00:00,2026-01-14 00:00:00
340,Pooja Das,pooja.das340@gmail.com,9987973565,"House-438, Bhopal",Bhopal,Madhya Pradesh,640310,2026-06-13 00:00:00,2026-06-25 00:00:00
341,Deepak Patel,deepak.patel341@gmail.com,9298407302,"House-144, Chennai",Chennai,Tamil Nadu,600646,2026-06-21 00:00:00,2026-06-24 00:00:00
342,Deepak Iyer,deepak.iyer342@gmail.com,9511859868,"House-242, Durgapur",Durgapur,West Bengal,568436,2026-01-02 00:00:00,2026-01-10 00:00:00
343,Suresh Verma,suresh.verma343@gmail.com,9112279027,"House-268, Lucknow",Lucknow,Uttar Pradesh,785436,2026-05-30 00:00:00,2026-06-17 00:00:00
344,Anjali Jena,anjali.jena344@gmail.com,9599714064,"House-315, Durgapur",Durgapur,West Bengal,267475,2026-01-16 00:00:00,2026-01-19 00:00:00
345,Kiran Mohanty,kiran.mohanty345@gmail.com,9841193655,"House-121, Pune",Pune,Maharashtra,769737,2026-06-30 00:00:00,2026-07-09 00:00:00
346,Rakesh Verma,rakesh.verma346@gmail.com,9243418388,"House-490, Bhopal",Bhopal,Madhya Pradesh,260626,2026-02-26 00:00:00,2026-03-05 00:00:00
347,Vikram Jena,vikram.jena347@gmail.com,9853703117,"House-563, Bhopal",Bhopal,Madhya Pradesh,593699,2026-04-06 00:00:00,2026-04-19 00:00:00
348,Kavita Kumar,kavita.kumar348@gmail.com,9945432844,"House-84, Howrah",Howrah,West Bengal,651033,2026-03-05 00:00:00,2026-03-24 00:00:00
349,Vikram Mishra,vikram.mishra349@gmail.com,9220483278,"House-64, Bengaluru",Bengaluru,Karnataka,674251,2026-01-20 00:00:00,2026-02-07 00:00:00
350,Sunita Nayak,sunita.nayak350@gmail.com,9276670424,"House-336, Surat",Surat,Gujarat,645617,2026-05-18 00:00:00,2026-05-22 00:00:00
351,Vikram Patel,vikram.patel351@gmail.com,9197647841,"House-921, Howrah",Howrah,West Bengal,635167,2026-05-30 00:00:00,2026-06-14 00:00:00
352,Vikram Kumar,vikram.kumar352@gmail.com,9651095672,"House-426, Cuttack",Cuttack,Odisha,578987,2026-04-27 00:00:00,2026-05-01 00:00:00
353,Manoj Sharma,manoj.sharma353@gmail.com,9876616079,"House-23, Ahmedabad",Ahmedabad,Gujarat,515182,2026-04-29 00:00:00,2026-05-08 00:00:00
354,Suresh Joshi,suresh.joshi354@gmail.com,9178414859,"House-47, Bhubaneswar",Bhubaneswar,Odisha,544278,2026-02-25 00:00:00,2026-03-15 00:00:00
355,Anjali Jena,anjali.jena355@gmail.com,9174108740,"House-957, Puri",Puri,Odisha,595002,2026-05-19 00:00:00,2026-05-20 00:00:00
356,Rahul Reddy,rahul.reddy356@gmail.com,9922301213,"House-657, Hyderabad",Hyderabad,Telangana,777255,2026-02-16 00:00:00,2026-02-20 00:00:00
357,Nisha Verma,nisha.verma357@gmail.com,9503346325,"House-83, Chennai",Chennai,Tamil Nadu,793939,2026-04-25 00:00:00,2026-05-07 00:00:00
358,Kavita Das,kavita.das358@gmail.com,9676876906,"House-403, Bengaluru",Bengaluru,Karnataka,654531,2026-01-31 00:00:00,2026-02-05 00:00:00
359,Ankit Jena,ankit.jena359@gmail.com,9420364823,"House-475, Durgapur",Durgapur,West Bengal,670892,2026-01-01 00:00:00,2026-01-01 00:00:00
360,Nisha Mishra,nisha.mishra360@gmail.com,9594592624,"House-355, Chennai",Chennai,Tamil Nadu,262656,2026-02-28 00:00:00,2026-03-07 00:00:00
361,Suresh Nayak,suresh.nayak361@gmail.com,9760268760,"House-785, Rourkela",Rourkela,Odisha,116405,2026-01-09 00:00:00,2026-01-22 00:00:00
362,Neha Nayak,neha.nayak362@gmail.com,9136052248,"House-458, Puri",Puri,Odisha,726822,2026-01-26 00:00:00,2026-02-14 00:00:00
363,Rahul Nayak,rahul.nayak363@gmail.com,9351619881,"House-553, Cuttack",Cuttack,Odisha,327823,2026-04-13 00:00:00,2026-04-27 00:00:00
364,Rahul Das,rahul.das364@gmail.com,9975943821,"House-939, Pune",Pune,Maharashtra,704095,2026-03-16 00:00:00,2026-03-23 00:00:00
365,Deepak Sahoo,deepak.sahoo365@gmail.com,9354373770,"House-310, Bhopal",Bhopal,Madhya Pradesh,250219,2026-06-22 00:00:00,2026-07-02 00:00:00
366,Sunita Nayak,sunita.nayak366@gmail.com,9165452764,"House-571, Hyderabad",Hyderabad,Telangana,720407,2026-03-18 00:00:00,2026-03-26 00:00:00
367,Rohit Mohanty,rohit.mohanty367@gmail.com,9150341410,"House-996, Hyderabad",Hyderabad,Telangana,461145,2026-05-23 00:00:00,2026-06-07 00:00:00
368,Kiran Kumar,kiran.kumar368@gmail.com,9538364955,"House-153, Pune",Pune,Maharashtra,414455,2026-03-23 00:00:00,2026-04-05 00:00:00
369,Kiran Das,kiran.das369@gmail.com,9341961866,"House-308, Ahmedabad",Ahmedabad,Gujarat,251363,2026-05-02 00:00:00,2026-05-09 00:00:00
370,Vikram Iyer,vikram.iyer370@gmail.com,9547221915,"House-571, Cuttack",Cuttack,Odisha,655736,2026-05-24 00:00:00,2026-06-06 00:00:00
371,Ankit Singh,ankit.singh371@gmail.com,9454617185,"House-663, Durgapur",Durgapur,West Bengal,182911,2026-03-07 00:00:00,2026-03-13 00:00:00
372,Vikram Joshi,vikram.joshi372@gmail.com,9878016905,"House-850, Bengaluru",Bengaluru,Karnataka,299734,2026-01-24 00:00:00,2026-02-10 00:00:00
373,Rahul Reddy,rahul.reddy373@gmail.com,9747382621,"House-41, Chennai",Chennai,Tamil Nadu,176319,2026-06-22 00:00:00,2026-07-11 00:00:00
374,Pooja Kumar,pooja.kumar374@gmail.com,9333019716,"House-491, Surat",Surat,Gujarat,319036,2026-06-21 00:00:00,2026-07-08 00:00:00
375,Deepak Reddy,deepak.reddy375@gmail.com,9896152940,"House-121, Bhubaneswar",Bhubaneswar,Odisha,602184,2026-02-24 00:00:00,2026-03-02 00:00:00
376,Neha Jena,neha.jena376@gmail.com,9525880424,"House-938, Bhopal",Bhopal,Madhya Pradesh,350956,2026-06-30 00:00:00,2026-07-06 00:00:00
377,Kavita Verma,kavita.verma377@gmail.com,9673002461,"House-665, Lucknow",Lucknow,Uttar Pradesh,476710,2026-04-08 00:00:00,2026-04-22 00:00:00
378,Rakesh Reddy,rakesh.reddy378@gmail.com,9600368062,"House-101, Bengaluru",Bengaluru,Karnataka,592296,2026-05-12 00:00:00,2026-05-27 00:00:00
379,Deepak Iyer,deepak.iyer379@gmail.com,9544454140,"House-47, Howrah",Howrah,West Bengal,689849,2026-04-05 00:00:00,2026-04-15 00:00:00
380,Neha Jena,neha.jena380@gmail.com,9694113766,"House-958, Sambalpur",Sambalpur,Odisha,712401,2026-01-05 00:00:00,2026-01-13 00:00:00
381,Manoj Jena,manoj.jena381@gmail.com,9310659326,"House-338, Hyderabad",Hyderabad,Telangana,341192,2026-03-17 00:00:00,2026-03-21 00:00:00
382,Kiran Sahoo,kiran.sahoo382@gmail.com,9802879944,"House-967, Durgapur",Durgapur,West Bengal,453961,2026-05-08 00:00:00,2026-05-25 00:00:00
383,Suresh Kumar,suresh.kumar383@gmail.com,9594811370,"House-173, Mumbai",Mumbai,Maharashtra,469283,2026-06-14 00:00:00,2026-06-29 00:00:00
384,Rohit Das,rohit.das384@gmail.com,9682115008,"House-658, Ahmedabad",Ahmedabad,Gujarat,161585,2026-05-06 00:00:00,2026-05-11 00:00:00
385,Sunita Sharma,sunita.sharma385@gmail.com,9920702588,"House-7, Puri",Puri,Odisha,532424,2026-06-21 00:00:00,2026-06-22 00:00:00
386,Ankit Joshi,ankit.joshi386@gmail.com,9109815572,"House-224, Durgapur",Durgapur,West Bengal,630299,2026-01-18 00:00:00,2026-01-22 00:00:00
387,Vikram Verma,vikram.verma387@gmail.com,9815922437,"House-957, Cuttack",Cuttack,Odisha,746467,2026-06-08 00:00:00,2026-06-28 00:00:00
388,Arun Mohanty,arun.mohanty388@gmail.com,9671458801,"House-565, Mumbai",Mumbai,Maharashtra,531319,2026-01-05 00:00:00,2026-01-05 00:00:00
389,Amit Sharma,amit.sharma389@gmail.com,9407829477,"House-18, Pune",Pune,Maharashtra,626611,2026-03-12 00:00:00,2026-03-29 00:00:00
390,Nisha Kumar,nisha.kumar390@gmail.com,9663054538,"House-153, Kolkata",Kolkata,West Bengal,352674,2026-01-28 00:00:00,2026-01-31 00:00:00
391,Pooja Sahoo,pooja.sahoo391@gmail.com,9387037751,"House-815, Pune",Pune,Maharashtra,516176,2026-03-06 00:00:00,2026-03-17 00:00:00
392,Priya Verma,priya.verma392@gmail.com,9361142486,"House-714, Chennai",Chennai,Tamil Nadu,336828,2026-04-28 00:00:00,2026-05-16 00:00:00
393,Rakesh Mohanty,rakesh.mohanty393@gmail.com,9915599098,"House-33, Puri",Puri,Odisha,198042,2026-06-17 00:00:00,2026-07-07 00:00:00
394,Kiran Singh,kiran.singh394@gmail.com,9160252954,"House-653, Chennai",Chennai,Tamil Nadu,109909,2026-05-22 00:00:00,2026-06-06 00:00:00
395,Rohit Patel,rohit.patel395@gmail.com,9942217648,"House-340, Mumbai",Mumbai,Maharashtra,693343,2026-04-22 00:00:00,2026-05-12 00:00:00
396,Sneha Iyer,sneha.iyer396@gmail.com,9327007332,"House-923, Pune",Pune,Maharashtra,694316,2026-01-11 00:00:00,2026-01-18 00:00:00
397,Arun Reddy,arun.reddy397@gmail.com,9683074772,"House-578, Cuttack",Cuttack,Odisha,790077,2026-01-20 00:00:00,2026-01-28 00:00:00
398,Rahul Das,rahul.das398@gmail.com,9730325223,"House-148, Noida",Noida,Uttar Pradesh,517643,2026-01-05 00:00:00,2026-01-11 00:00:00
399,Priya Reddy,priya.reddy399@gmail.com,9708485104,"House-855, Kolkata",Kolkata,West Bengal,508060,2026-05-25 00:00:00,2026-06-01 00:00:00
400,Kavita Verma,kavita.verma400@gmail.com,9637722224,"House-764, Chennai",Chennai,Tamil Nadu,462659,2026-02-05 00:00:00,2026-02-07 00:00:00
401,Rahul Patel,rahul.patel401@gmail.com,9465708674,"House-620, Hyderabad",Hyderabad,Telangana,743684,2026-03-01 00:00:00,2026-03-03 00:00:00
402,Suman Singh,suman.singh402@gmail.com,9393482659,"House-803, Noida",Noida,Uttar Pradesh,572436,2026-01-08 00:00:00,2026-01-28 00:00:00
403,Arun Nayak,arun.nayak403@gmail.com,9563693201,"House-191, Bengaluru",Bengaluru,Karnataka,714334,2026-05-22 00:00:00,2026-06-03 00:00:00
404,Kiran Patel,kiran.patel404@gmail.com,9865694462,"House-76, Bhopal",Bhopal,Madhya Pradesh,186023,2026-03-17 00:00:00,2026-03-24 00:00:00
405,Suresh Das,suresh.das405@gmail.com,9894198823,"House-399, Chennai",Chennai,Tamil Nadu,432061,2026-06-12 00:00:00,2026-06-16 00:00:00
406,Anjali Patel,anjali.patel406@gmail.com,9577531502,"House-369, Puri",Puri,Odisha,382870,2026-01-02 00:00:00,2026-01-11 00:00:00
407,Sneha Das,sneha.das407@gmail.com,9581942228,"House-571, Puri",Puri,Odisha,681687,2026-02-17 00:00:00,2026-03-02 00:00:00
408,Sunita Singh,sunita.singh408@gmail.com,9480012570,"House-568, Rourkela",Rourkela,Odisha,197584,2026-01-07 00:00:00,2026-01-09 00:00:00
409,Suman Sahoo,suman.sahoo409@gmail.com,9413368711,"House-424, Noida",Noida,Uttar Pradesh,506637,2026-04-09 00:00:00,2026-04-09 00:00:00
410,Priya Jena,priya.jena410@gmail.com,9659531734,"House-174, Ahmedabad",Ahmedabad,Gujarat,499226,2026-03-04 00:00:00,2026-03-22 00:00:00
411,Rohit Das,rohit.das411@gmail.com,9629487801,"House-150, New Delhi",New Delhi,Delhi,166340,2026-03-19 00:00:00,2026-03-27 00:00:00
412,Rohit Singh,rohit.singh412@gmail.com,9619939412,"House-802, New Delhi",New Delhi,Delhi,180657,2026-04-18 00:00:00,2026-04-27 00:00:00
413,Anjali Reddy,anjali.reddy413@gmail.com,9737594763,"House-632, Durgapur",Durgapur,West Bengal,305047,2026-06-10 00:00:00,2026-06-25 00:00:00
414,Vikram Patel,vikram.patel414@gmail.com,9524871030,"House-341, Sambalpur",Sambalpur,Odisha,750318,2026-03-19 00:00:00,2026-03-19 00:00:00
415,Kiran Kumar,kiran.kumar415@gmail.com,9562370643,"House-836, Noida",Noida,Uttar Pradesh,782661,2026-04-23 00:00:00,2026-05-03 00:00:00
416,Suman Das,suman.das416@gmail.com,9846564420,"House-206, Lucknow",Lucknow,Uttar Pradesh,602278,2026-03-24 00:00:00,2026-04-12 00:00:00
417,Deepak Das,deepak.das417@gmail.com,9889065340,"House-712, Chennai",Chennai,Tamil Nadu,763646,2026-03-23 00:00:00,2026-04-01 00:00:00
418,Arun Sahoo,arun.sahoo418@gmail.com,9400969989,"House-837, Durgapur",Durgapur,West Bengal,512022,2026-03-25 00:00:00,2026-04-06 00:00:00
419,Anjali Patel,anjali.patel419@gmail.com,9685864775,"House-185, Surat",Surat,Gujarat,676820,2026-02-21 00:00:00,2026-03-11 00:00:00
420,Amit Jena,amit.jena420@gmail.com,9956508307,"House-299, Kochi",Kochi,Kerala,172518,2026-02-23 00:00:00,2026-03-09 00:00:00
421,Nisha Mohanty,nisha.mohanty421@gmail.com,9425164079,"House-248, Mumbai",Mumbai,Maharashtra,364955,2026-02-05 00:00:00,2026-02-25 00:00:00
422,Ankit Jena,ankit.jena422@gmail.com,9582181718,"House-613, Hyderabad",Hyderabad,Telangana,602514,2026-04-07 00:00:00,2026-04-09 00:00:00
423,Manoj Singh,manoj.singh423@gmail.com,9683734594,"House-38, Ahmedabad",Ahmedabad,Gujarat,476993,2026-05-10 00:00:00,2026-05-23 00:00:00
424,Kavita Sahoo,kavita.sahoo424@gmail.com,9806094391,"House-681, Puri",Puri,Odisha,472253,2026-01-28 00:00:00,2026-02-04 00:00:00
425,Rohit Mohanty,rohit.mohanty425@gmail.com,9792596980,"House-694, Bhopal",Bhopal,Madhya Pradesh,778159,2026-01-12 00:00:00,2026-01-30 00:00:00
426,Kiran Kumar,kiran.kumar426@gmail.com,9111325589,"House-101, Noida",Noida,Uttar Pradesh,371306,2026-04-21 00:00:00,2026-04-24 00:00:00
427,Neha Mishra,neha.mishra427@gmail.com,9838374035,"House-590, Pune",Pune,Maharashtra,331768,2026-05-23 00:00:00,2026-06-10 00:00:00
428,Vikram Verma,vikram.verma428@gmail.com,9841351411,"House-513, Chennai",Chennai,Tamil Nadu,258067,2026-04-29 00:00:00,2026-05-17 00:00:00
429,Anjali Sharma,anjali.sharma429@gmail.com,9546650213,"House-943, Mumbai",Mumbai,Maharashtra,190025,2026-01-27 00:00:00,2026-02-05 00:00:00
430,Sneha Joshi,sneha.joshi430@gmail.com,9468365044,"House-467, Sambalpur",Sambalpur,Odisha,316916,2026-03-31 00:00:00,2026-04-09 00:00:00
431,Sunita Gupta,sunita.gupta431@gmail.com,9570477095,"House-740, Bengaluru",Bengaluru,Karnataka,574425,2026-05-02 00:00:00,2026-05-05 00:00:00
432,Deepak Patel,deepak.patel432@gmail.com,9124250578,"House-870, Lucknow",Lucknow,Uttar Pradesh,459743,2026-01-12 00:00:00,2026-01-15 00:00:00
433,Sneha Mohanty,sneha.mohanty433@gmail.com,9287317728,"House-566, Kolkata",Kolkata,West Bengal,267914,2026-03-04 00:00:00,2026-03-20 00:00:00
434,Deepak Mishra,deepak.mishra434@gmail.com,9956583753,"House-415, Hyderabad",Hyderabad,Telangana,760351,2026-04-29 00:00:00,2026-05-06 00:00:00
435,Rohit Das,rohit.das435@gmail.com,9891764728,"House-629, Hyderabad",Hyderabad,Telangana,306909,2026-04-12 00:00:00,2026-04-12 00:00:00
436,Vikram Sahoo,vikram.sahoo436@gmail.com,9856704108,"House-220, Hyderabad",Hyderabad,Telangana,315780,2026-04-10 00:00:00,2026-04-10 00:00:00
437,Suresh Kumar,suresh.kumar437@gmail.com,9958459117,"House-893, Puri",Puri,Odisha,662968,2026-05-28 00:00:00,2026-05-31 00:00:00
438,Rohit Verma,rohit.verma438@gmail.com,9222358216,"House-269, Noida",Noida,Uttar Pradesh,613261,2026-02-20 00:00:00,2026-03-06 00:00:00
439,Sunita Mohanty,sunita.mohanty439@gmail.com,9756387421,"House-402, Noida",Noida,Uttar Pradesh,715519,2026-06-02 00:00:00,2026-06-14 00:00:00
440,Sneha Verma,sneha.verma440@gmail.com,9285250002,"House-834, Bengaluru",Bengaluru,Karnataka,411893,2026-04-28 00:00:00,2026-05-17 00:00:00
441,Suman Sahoo,suman.sahoo441@gmail.com,9436280635,"House-121, Puri",Puri,Odisha,350161,2026-06-22 00:00:00,2026-06-26 00:00:00
442,Rakesh Patel,rakesh.patel442@gmail.com,9648494024,"House-398, Kolkata",Kolkata,West Bengal,538555,2026-04-06 00:00:00,2026-04-10 00:00:00
443,Suman Das,suman.das443@gmail.com,9299451515,"House-499, Surat",Surat,Gujarat,766371,2026-04-09 00:00:00,2026-04-22 00:00:00
444,Kavita Jena,kavita.jena444@gmail.com,9625749126,"House-296, Kolkata",Kolkata,West Bengal,247111,2026-05-23 00:00:00,2026-05-28 00:00:00
445,Rohit Verma,rohit.verma445@gmail.com,9485515372,"House-975, Kochi",Kochi,Kerala,110048,2026-06-08 00:00:00,2026-06-09 00:00:00
446,Arun Das,arun.das446@gmail.com,9642709938,"House-669, Howrah",Howrah,West Bengal,619013,2026-04-09 00:00:00,2026-04-26 00:00:00
447,Nisha Mohanty,nisha.mohanty447@gmail.com,9624737111,"House-172, Mumbai",Mumbai,Maharashtra,186686,2026-04-17 00:00:00,2026-05-01 00:00:00
448,Manoj Sharma,manoj.sharma448@gmail.com,9395121074,"House-231, Durgapur",Durgapur,West Bengal,663723,2026-03-16 00:00:00,2026-03-17 00:00:00
449,Rakesh Das,rakesh.das449@gmail.com,9690263993,"House-524, Kochi",Kochi,Kerala,218710,2026-05-25 00:00:00,2026-06-09 00:00:00
450,Manoj Patel,manoj.patel450@gmail.com,9682014641,"House-843, New Delhi",New Delhi,Delhi,143631,2026-05-20 00:00:00,2026-05-31 00:00:00
451,Vikram Mishra,vikram.mishra451@gmail.com,9890261845,"House-850, Howrah",Howrah,West Bengal,785424,2026-04-19 00:00:00,2026-04-22 00:00:00
452,Neha Reddy,neha.reddy452@gmail.com,9474281674,"House-883, Cuttack",Cuttack,Odisha,191208,2026-04-26 00:00:00,2026-05-04 00:00:00
453,Vikram Joshi,vikram.joshi453@gmail.com,9970485411,"House-756, Rourkela",Rourkela,Odisha,716482,2026-03-02 00:00:00,2026-03-08 00:00:00
454,Anjali Joshi,anjali.joshi454@gmail.com,9278221407,"House-631, Bhopal",Bhopal,Madhya Pradesh,245998,2026-06-11 00:00:00,2026-06-24 00:00:00
455,Pooja Joshi,pooja.joshi455@gmail.com,9476685251,"House-546, Howrah",Howrah,West Bengal,394739,2026-01-16 00:00:00,2026-02-03 00:00:00
456,Suman Mishra,suman.mishra456@gmail.com,9410669201,"House-587, Kolkata",Kolkata,West Bengal,380329,2026-03-24 00:00:00,2026-04-02 00:00:00
457,Sunita Iyer,sunita.iyer457@gmail.com,9163657733,"House-284, Rourkela",Rourkela,Odisha,787757,2026-02-04 00:00:00,2026-02-17 00:00:00
458,Ankit Jena,ankit.jena458@gmail.com,9863854401,"House-330, Sambalpur",Sambalpur,Odisha,359579,2026-03-05 00:00:00,2026-03-09 00:00:00
459,Kiran Gupta,kiran.gupta459@gmail.com,9388532840,"House-643, Sambalpur",Sambalpur,Odisha,534346,2026-05-28 00:00:00,2026-06-17 00:00:00
460,Kiran Gupta,kiran.gupta460@gmail.com,9532557724,"House-528, Puri",Puri,Odisha,391740,2026-06-12 00:00:00,2026-06-14 00:00:00
461,Anjali Gupta,anjali.gupta461@gmail.com,9102655449,"House-890, Mumbai",Mumbai,Maharashtra,197666,2026-03-25 00:00:00,2026-04-12 00:00:00
462,Vikram Mohanty,vikram.mohanty462@gmail.com,9527044165,"House-224, Bengaluru",Bengaluru,Karnataka,550513,2026-01-17 00:00:00,2026-02-03 00:00:00
463,Pooja Gupta,pooja.gupta463@gmail.com,9462661837,"House-561, New Delhi",New Delhi,Delhi,706007,2026-03-24 00:00:00,2026-04-02 00:00:00
464,Ankit Sahoo,ankit.sahoo464@gmail.com,9149330844,"House-102, Mumbai",Mumbai,Maharashtra,756596,2026-03-29 00:00:00,2026-03-30 00:00:00
465,Vikram Sharma,vikram.sharma465@gmail.com,9590182620,"House-1, Rourkela",Rourkela,Odisha,548580,2026-02-10 00:00:00,2026-02-24 00:00:00
466,Pooja Jena,pooja.jena466@gmail.com,9270700744,"House-896, Sambalpur",Sambalpur,Odisha,387330,2026-06-16 00:00:00,2026-06-25 00:00:00
467,Priya Mohanty,priya.mohanty467@gmail.com,9499264207,"House-681, Bengaluru",Bengaluru,Karnataka,780432,2026-03-06 00:00:00,2026-03-08 00:00:00
468,Rohit Sharma,rohit.sharma468@gmail.com,9879524067,"House-717, Chennai",Chennai,Tamil Nadu,345517,2026-06-10 00:00:00,2026-06-19 00:00:00
469,Nisha Mohanty,nisha.mohanty469@gmail.com,9101166414,"House-219, Puri",Puri,Odisha,599968,2026-06-30 00:00:00,2026-07-03 00:00:00
470,Priya Das,priya.das470@gmail.com,9830125895,"House-456, Surat",Surat,Gujarat,109738,2026-02-27 00:00:00,2026-03-15 00:00:00
471,Amit Jena,amit.jena471@gmail.com,9845210115,"House-136, Noida",Noida,Uttar Pradesh,600905,2026-01-31 00:00:00,2026-02-13 00:00:00
472,Priya Nayak,priya.nayak472@gmail.com,9210811807,"House-321, Chennai",Chennai,Tamil Nadu,485416,2026-01-23 00:00:00,2026-01-26 00:00:00
473,Rakesh Das,rakesh.das473@gmail.com,9827070406,"House-147, Chennai",Chennai,Tamil Nadu,171734,2026-02-04 00:00:00,2026-02-24 00:00:00
474,Sunita Sahoo,sunita.sahoo474@gmail.com,9276218805,"House-451, Bhubaneswar",Bhubaneswar,Odisha,468247,2026-06-06 00:00:00,2026-06-26 00:00:00
475,Pooja Mohanty,pooja.mohanty475@gmail.com,9837194815,"House-454, Sambalpur",Sambalpur,Odisha,327797,2026-04-16 00:00:00,2026-05-05 00:00:00
476,Priya Iyer,priya.iyer476@gmail.com,9733050169,"House-748, Rourkela",Rourkela,Odisha,502686,2026-02-05 00:00:00,2026-02-08 00:00:00
477,Anjali Singh,anjali.singh477@gmail.com,9397391755,"House-661, Noida",Noida,Uttar Pradesh,188341,2026-02-05 00:00:00,2026-02-12 00:00:00
478,Neha Mishra,neha.mishra478@gmail.com,9405931388,"House-798, Bhopal",Bhopal,Madhya Pradesh,128127,2026-06-03 00:00:00,2026-06-22 00:00:00
479,Rakesh Nayak,rakesh.nayak479@gmail.com,9302557660,"House-766, Pune",Pune,Maharashtra,510780,2026-06-05 00:00:00,2026-06-21 00:00:00
480,Rakesh Mohanty,rakesh.mohanty480@gmail.com,9514341484,"House-116, Cuttack",Cuttack,Odisha,352792,2026-03-03 00:00:00,2026-03-18 00:00:00
481,Arun Mohanty,arun.mohanty481@gmail.com,9112956853,"House-370, Bhopal",Bhopal,Madhya Pradesh,431845,2026-01-19 00:00:00,2026-02-04 00:00:00
482,Ankit Singh,ankit.singh482@gmail.com,9686645526,"House-700, Surat",Surat,Gujarat,281162,2026-04-18 00:00:00,2026-04-29 00:00:00
483,Arun Kumar,arun.kumar483@gmail.com,9172512549,"House-15, Puri",Puri,Odisha,374921,2026-01-05 00:00:00,2026-01-23 00:00:00
484,Pooja Sharma,pooja.sharma484@gmail.com,9407613928,"House-644, Cuttack",Cuttack,Odisha,625387,2026-04-12 00:00:00,2026-04-28 00:00:00
485,Nisha Singh,nisha.singh485@gmail.com,9676132087,"House-551, Chennai",Chennai,Tamil Nadu,745972,2026-01-22 00:00:00,2026-02-11 00:00:00
486,Ankit Reddy,ankit.reddy486@gmail.com,9649009234,"House-944, Puri",Puri,Odisha,313068,2026-03-21 00:00:00,2026-03-23 00:00:00
487,Ankit Mishra,ankit.mishra487@gmail.com,9781068259,"House-782, Noida",Noida,Uttar Pradesh,781406,2026-04-11 00:00:00,2026-04-29 00:00:00
488,Priya Reddy,priya.reddy488@gmail.com,9362508142,"House-89, Hyderabad",Hyderabad,Telangana,555589,2026-03-03 00:00:00,2026-03-04 00:00:00
489,Sneha Gupta,sneha.gupta489@gmail.com,9432097676,"House-683, Bhopal",Bhopal,Madhya Pradesh,790017,2026-06-05 00:00:00,2026-06-06 00:00:00
490,Rohit Patel,rohit.patel490@gmail.com,9275913951,"House-509, Bhubaneswar",Bhubaneswar,Odisha,463546,2026-02-05 00:00:00,2026-02-05 00:00:00
491,Sunita Mishra,sunita.mishra491@gmail.com,9236290703,"House-768, New Delhi",New Delhi,Delhi,381819,2026-02-12 00:00:00,2026-02-23 00:00:00
492,Sneha Kumar,sneha.kumar492@gmail.com,9392036942,"House-537, Bhubaneswar",Bhubaneswar,Odisha,166974,2026-03-27 00:00:00,2026-04-09 00:00:00
493,Suresh Jena,suresh.jena493@gmail.com,9632734398,"House-467, Surat",Surat,Gujarat,635593,2026-06-10 00:00:00,2026-06-12 00:00:00
494,Anjali Sharma,anjali.sharma494@gmail.com,9494801749,"House-162, Mumbai",Mumbai,Maharashtra,367508,2026-05-26 00:00:00,2026-05-31 00:00:00
495,Sneha Iyer,sneha.iyer495@gmail.com,9345247378,"House-759, Surat",Surat,Gujarat,633541,2026-06-22 00:00:00,2026-06-25 00:00:00
496,Amit Sharma,amit.sharma496@gmail.com,9606553372,"House-373, Bhubaneswar",Bhubaneswar,Odisha,501583,2026-03-04 00:00:00,2026-03-05 00:00:00
497,Ankit Das,ankit.das497@gmail.com,9550294365,"House-230, Cuttack",Cuttack,Odisha,437433,2026-05-22 00:00:00,2026-06-11 00:00:00
498,Neha Singh,neha.singh498@gmail.com,9713682070,"House-382, Noida",Noida,Uttar Pradesh,225200,2026-03-11 00:00:00,2026-03-13 00:00:00
499,Sunita Mohanty,sunita.mohanty499@gmail.com,9963651372,"House-529, Cuttack",Cuttack,Odisha,148159,2026-02-15 00:00:00,2026-02-22 00:00:00
500,Kiran Patel,kiran.patel500@gmail.com,9451436694,"House-89, Kochi",Kochi,Kerala,679958,2026-03-14 00:00:00,2026-03-23 00:00:00
