"weather_id","city","weather_date","temperature","humidity","rainfall","last_updated"
"1","Surat","2026-02-19","39.8","67.35","43.04","2026-02-19 02:42:00"
"2","Pune","2026-02-24","32.45","90.05","58.26","2026-02-24 07:21:00"
"3","Kochi","2026-01-19","24.13","44.66","53.43","2026-01-19 18:23:00"
"4","Howrah","2026-05-01","36.87","49.33","94.94","2026-05-01 14:13:00"
"5","Puri","2026-04-21","29.23","47.7","78.27","2026-04-21 20:43:00"
"6","Noida","2026-06-20","38.61","51.04","93.88","2026-06-20 08:27:00"
"7","Puri","2026-04-14","35.87","60.11","104.62","2026-04-14 07:34:00"
"8","Rourkela","2026-03-30","37.09","57.25","43.15","2026-03-30 09:36:00"
"9","Sambalpur","2026-01-09","28.36","51.66","91.63","2026-01-09 13:43:00"
"10","Bengaluru","2026-06-17","31.66","44.98","101.26","2026-06-17 17:19:00"
"11","Kolkata","2026-06-26","30.73","87.38","114.44","2026-06-26 03:02:00"
"12","Surat","2026-03-30","30.82","77.13","53.07","2026-03-30 04:43:00"
"13","Bhopal","2026-06-04","37.42","82.53","16.84","2026-06-04 06:59:00"
"14","Howrah","2026-05-21","28.72","88.37","16.73","2026-05-21 05:56:00"
"15","Lucknow","2026-03-28","27.0","38.57","66.04","2026-03-28 12:29:00"
"16","Cuttack","2026-02-19","24.69","84.47","10.88","2026-02-19 05:16:00"
"17","Kochi","2026-02-22","28.2","66.46","96.03","2026-02-22 11:15:00"
"18","Rourkela","2026-03-13","33.68","88.25","1.45","2026-03-13 21:25:00"
"19","Bhopal","2026-04-28","33.74","37.67","40.38","2026-04-28 09:30:00"
"20","Howrah","2026-05-22","32.23","53.92","2.22","2026-05-22 05:18:00"
"21","Bengaluru","2026-06-23","26.74","59.19","76.6","2026-06-23 08:33:00"
"22","Puri","2026-02-25","21.56","42.23","41.1","2026-02-25 12:01:00"
"23","Kochi","2026-06-20","22.86","75.28","98.79","2026-06-20 17:42:00"
"24","Ahmedabad","2026-02-23","21.06","67.75","38.2","2026-02-23 22:19:00"
"25","New Delhi","2026-03-03","39.17","47.21","116.9","2026-03-03 02:15:00"
"26","Cuttack","2026-05-29","41.83","79.4","52.65","2026-05-29 22:03:00"
"27","New Delhi","2026-05-22","35.05","92.05","92.79","2026-05-22 15:39:00"
"28","Cuttack","2026-01-04","27.88","62.12","32.9","2026-01-04 20:09:00"
"29","Mumbai","2026-06-12","19.48","76.53","31.92","2026-06-12 21:07:00"
"30","Puri","2026-06-09","37.15","55.34","87.6","2026-06-09 05:30:00"
"31","Hyderabad","2026-01-28","24.36","49.31","26.01","2026-01-28 18:06:00"
"32","Durgapur","2026-02-19","33.63","45.32","109.94","2026-02-19 22:47:00"
"33","Howrah","2026-04-25","21.29","94.14","107.54","2026-04-25 23:50:00"
"34","Pune","2026-02-28","20.52","66.65","1.48","2026-02-28 17:57:00"
"35","Sambalpur","2026-05-28","33.83","89.46","13.16","2026-05-28 02:28:00"
"36","Bhopal","2026-05-27","35.1","94.6","72.3","2026-05-27 09:25:00"
"37","Sambalpur","2026-06-29","19.43","52.29","63.69","2026-06-29 04:19:00"
"38","Lucknow","2026-03-02","21.98","84.67","78.69","2026-03-02 13:09:00"
"39","Noida","2026-06-28","18.78","53.29","107.74","2026-06-28 16:15:00"
"40","Howrah","2026-04-15","21.63","44.85","52.68","2026-04-15 07:56:00"
"41","New Delhi","2026-01-07","36.15","46.45","93.3","2026-01-07 08:19:00"
"42","Pune","2026-03-09","18.8","88.54","15.42","2026-03-09 19:52:00"
"43","Bhopal","2026-04-05","36.6","89.06","54.97","2026-04-05 09:54:00"
"44","Cuttack","2026-04-27","34.12","40.49","79.35","2026-04-27 12:30:00"
"45","Cuttack","2026-04-09","19.04","38.4","0.31","2026-04-09 05:31:00"
"46","Chennai","2026-01-27","40.0","46.18","82.52","2026-01-27 15:17:00"
"47","Bengaluru","2026-02-24","34.42","52.07","47.68","2026-02-24 06:33:00"
"48","Mumbai","2026-03-18","40.07","60.23","103.07","2026-03-18 02:03:00"
"49","Pune","2026-01-28","35.11","35.64","83.56","2026-01-28 10:29:00"
"50","Bengaluru","2026-06-09","24.93","56.9","57.6","2026-06-09 05:49:00"
"51","Kochi","2026-01-17","27.33","72.28","57.79","2026-01-17 18:03:00"
"52","Kochi","2026-03-11","37.55","84.82","19.75","2026-03-11 03:35:00"
"53","Durgapur","2026-05-18","30.24","92.47","88.78","2026-05-18 06:58:00"
"54","Cuttack","2026-04-06","35.79","70.05","1.52","2026-04-06 09:52:00"
"55","Kolkata","2026-05-16","21.03","78.32","63.49","2026-05-16 19:56:00"
"56","Durgapur","2026-05-22","31.52","76.39","23.16","2026-05-22 02:35:00"
"57","Howrah","2026-05-02","20.86","43.85","59.98","2026-05-02 10:11:00"
"58","Sambalpur","2026-02-17","21.81","60.48","95.12","2026-02-17 06:22:00"
"59","Puri","2026-05-26","24.02","75.12","0.85","2026-05-26 11:02:00"
"60","Sambalpur","2026-03-10","23.53","88.2","19.12","2026-03-10 14:15:00"
"61","Howrah","2026-03-24","21.52","90.55","40.13","2026-03-24 23:24:00"
"62","Noida","2026-02-27","31.76","52.67","34.29","2026-02-27 14:50:00"
"63","Kolkata","2026-06-19","40.0","77.83","1.33","2026-06-19 04:33:00"
"64","Hyderabad","2026-02-16","24.02","61.73","111.03","2026-02-16 07:08:00"
"65","Rourkela","2026-01-21","27.96","75.84","104.73","2026-01-21 01:19:00"
"66","Kolkata","2026-06-08","21.08","70.75","48.7","2026-06-08 23:39:00"
"67","Bengaluru","2026-06-07","19.97","45.62","94.66","2026-06-07 18:55:00"
"68","Lucknow","2026-01-01","22.14","38.2","43.8","2026-01-01 23:32:00"
"69","Howrah","2026-06-14","38.58","76.8","58.09","2026-06-14 05:14:00"
"70","Bengaluru","2026-02-14","18.29","62.89","106.89","2026-02-14 22:15:00"
"71","Lucknow","2026-04-23","25.69","60.21","52.62","2026-04-23 23:58:00"
"72","Cuttack","2026-06-28","33.32","64.26","96.1","2026-06-28 12:22:00"
"73","Surat","2026-03-25","41.22","38.5","95.05","2026-03-25 15:24:00"
"74","Lucknow","2026-02-27","24.59","48.05","101.2","2026-02-27 07:57:00"
"75","Sambalpur","2026-05-13","30.35","51.07","103.86","2026-05-13 04:56:00"
"76","Sambalpur","2026-04-02","34.61","36.67","22.03","2026-04-02 14:42:00"
"77","Noida","2026-06-02","24.78","69.16","89.63","2026-06-02 14:42:00"
"78","Pune","2026-05-13","36.77","48.57","119.75","2026-05-13 01:19:00"
"79","Bengaluru","2026-02-20","23.65","54.85","20.5","2026-02-20 22:56:00"
"80","Lucknow","2026-01-21","25.38","51.4","41.59","2026-01-21 08:15:00"
"81","Cuttack","2026-05-16","18.14","72.95","47.86","2026-05-16 15:21:00"
"82","Rourkela","2026-04-13","37.78","57.96","85.87","2026-04-13 11:46:00"
"83","Hyderabad","2026-01-18","31.81","50.55","65.67","2026-01-18 03:26:00"
"84","Howrah","2026-02-09","18.49","64.32","13.22","2026-02-09 17:50:00"
"85","Kolkata","2026-05-15","32.22","46.36","45.66","2026-05-15 15:04:00"
"86","Kolkata","2026-03-14","26.06","93.81","114.98","2026-03-14 06:05:00"
"87","Howrah","2026-06-25","33.39","79.57","102.68","2026-06-25 02:53:00"
"88","Kolkata","2026-03-31","41.18","79.0","6.69","2026-03-31 02:42:00"
"89","Kolkata","2026-04-18","33.89","78.35","111.75","2026-04-18 18:13:00"
"90","Sambalpur","2026-02-19","29.61","78.78","18.1","2026-02-19 06:24:00"
"91","Pune","2026-06-06","25.94","65.01","9.38","2026-06-06 04:32:00"
"92","Bhubaneswar","2026-04-15","21.58","74.09","79.77","2026-04-15 22:54:00"
"93","Kolkata","2026-06-23","35.93","66.57","66.0","2026-06-23 23:07:00"
"94","Kolkata","2026-01-28","34.07","45.98","23.96","2026-01-28 08:03:00"
"95","Pune","2026-06-13","32.49","35.38","37.23","2026-06-13 11:15:00"
"96","Mumbai","2026-01-22","20.95","72.79","73.41","2026-01-22 21:15:00"
"97","Mumbai","2026-05-23","28.74","91.62","119.43","2026-05-23 23:54:00"
"98","Bengaluru","2026-01-17","23.81","52.64","6.12","2026-01-17 15:55:00"
"99","Kolkata","2026-03-12","32.41","82.94","101.47","2026-03-12 04:45:00"
"100","Puri","2026-01-19","39.04","93.23","85.94","2026-01-19 20:50:00"
"101","Chennai","2026-03-14","33.23","72.61","92.42","2026-03-14 23:08:00"
"102","Ahmedabad","2026-01-29","29.92","73.54","91.91","2026-01-29 04:49:00"
"103","Mumbai","2026-03-26","36.26","78.08","97.58","2026-03-26 19:38:00"
"104","Durgapur","2026-03-24","31.63","45.94","53.39","2026-03-24 09:42:00"
"105","Cuttack","2026-05-21","33.15","48.7","96.17","2026-05-21 02:11:00"
"106","Kochi","2026-05-03","25.85","88.46","34.71","2026-05-03 15:17:00"
"107","Bengaluru","2026-03-12","24.08","49.68","41.01","2026-03-12 20:43:00"
"108","Noida","2026-01-05","40.75","45.82","27.82","2026-01-05 14:48:00"
"109","Bhopal","2026-05-15","34.63","70.36","59.16","2026-05-15 21:51:00"
"110","Noida","2026-03-06","23.69","66.51","2.38","2026-03-06 23:23:00"
"111","Howrah","2026-04-19","30.46","41.53","117.44","2026-04-19 06:29:00"
"112","Bhubaneswar","2026-03-13","21.34","82.67","47.38","2026-03-13 19:43:00"
"113","Lucknow","2026-05-18","19.59","41.35","34.62","2026-05-18 05:36:00"
"114","Ahmedabad","2026-01-02","22.36","64.78","29.62","2026-01-02 01:23:00"
"115","New Delhi","2026-03-09","36.88","93.53","59.11","2026-03-09 08:31:00"
"116","Kochi","2026-06-10","27.88","46.75","106.46","2026-06-10 18:37:00"
"117","Hyderabad","2026-06-13","31.49","87.83","74.13","2026-06-13 11:44:00"
"118","Kolkata","2026-04-16","41.02","75.42","29.36","2026-04-16 12:55:00"
"119","Chennai","2026-05-11","29.17","86.72","3.15","2026-05-11 14:30:00"
"120","Noida","2026-04-05","34.76","71.28","58.66","2026-04-05 06:50:00"
"121","Noida","2026-02-03","35.03","75.2","91.63","2026-02-03 10:09:00"
"122","Bhopal","2026-05-24","31.42","74.14","119.12","2026-05-24 18:26:00"
"123","Mumbai","2026-03-06","25.36","66.17","14.2","2026-03-06 02:30:00"
"124","Cuttack","2026-03-01","26.99","72.05","103.64","2026-03-01 15:16:00"
"125","New Delhi","2026-03-24","28.86","77.63","115.72","2026-03-24 15:52:00"
"126","Cuttack","2026-05-13","26.79","69.04","81.98","2026-05-13 05:27:00"
"127","Lucknow","2026-04-04","21.99","65.77","47.2","2026-04-04 11:30:00"
"128","Pune","2026-06-07","35.19","66.87","9.48","2026-06-07 23:07:00"
"129","Bhubaneswar","2026-01-19","39.88","48.44","26.61","2026-01-19 07:03:00"
"130","Bhubaneswar","2026-02-26","19.39","72.88","115.91","2026-02-26 09:56:00"
"131","Surat","2026-03-07","39.21","61.3","110.33","2026-03-07 02:08:00"
"132","Surat","2026-05-17","36.67","64.62","99.51","2026-05-17 03:53:00"
"133","Hyderabad","2026-05-03","27.7","80.7","16.18","2026-05-03 17:02:00"
"134","Howrah","2026-06-06","22.08","77.16","64.75","2026-06-06 10:32:00"
"135","Ahmedabad","2026-02-20","38.1","81.97","50.36","2026-02-20 08:11:00"
"136","Puri","2026-04-16","23.32","64.82","73.06","2026-04-16 05:30:00"
"137","Kochi","2026-04-05","25.65","81.8","65.93","2026-04-05 06:41:00"
"138","New Delhi","2026-03-30","24.52","64.22","31.29","2026-03-30 20:12:00"
"139","Ahmedabad","2026-05-04","22.63","38.18","75.56","2026-05-04 15:05:00"
"140","Bhubaneswar","2026-04-05","37.71","80.0","53.49","2026-04-05 13:14:00"
"141","New Delhi","2026-01-07","24.87","36.05","118.29","2026-01-07 07:13:00"
"142","Mumbai","2026-06-02","41.14","69.54","75.53","2026-06-02 17:37:00"
"143","Puri","2026-03-16","30.03","63.66","95.22","2026-03-16 07:42:00"
"144","Bhopal","2026-02-11","22.19","37.87","119.76","2026-02-11 17:22:00"
"145","Noida","2026-04-03","38.53","40.78","43.4","2026-04-03 19:57:00"
"146","Sambalpur","2026-02-26","30.28","46.21","51.83","2026-02-26 22:59:00"
"147","Rourkela","2026-05-04","41.02","86.32","115.34","2026-05-04 13:51:00"
"148","Pune","2026-05-16","41.21","71.77","54.09","2026-05-16 15:58:00"
"149","Kochi","2026-01-26","20.27","45.38","83.71","2026-01-26 12:59:00"
"150","Cuttack","2026-02-17","32.7","41.29","46.45","2026-02-17 20:51:00"
"151","Surat","2026-01-27","34.6","37.75","86.51","2026-01-27 03:47:00"
"152","Sambalpur","2026-04-15","37.69","80.69","111.7","2026-04-15 03:14:00"
"153","Puri","2026-06-30","37.93","55.95","29.51","2026-06-30 20:48:00"
"154","Rourkela","2026-01-28","26.03","77.8","41.22","2026-01-28 14:11:00"
"155","Puri","2026-03-03","36.4","37.17","90.5","2026-03-03 23:01:00"
"156","Pune","2026-02-16","36.12","73.88","116.78","2026-02-16 21:50:00"
"157","Durgapur","2026-03-15","24.92","93.8","119.89","2026-03-15 04:49:00"
"158","Bhopal","2026-02-28","34.46","71.61","46.59","2026-02-28 12:16:00"
"159","Durgapur","2026-02-05","22.71","67.82","54.19","2026-02-05 17:24:00"
"160","Ahmedabad","2026-01-29","34.28","50.42","76.42","2026-01-29 22:52:00"
"161","Puri","2026-05-01","26.03","55.97","31.82","2026-05-01 20:25:00"
"162","Pune","2026-03-16","26.26","65.55","57.97","2026-03-16 15:49:00"
"163","Puri","2026-04-22","36.95","43.61","28.78","2026-04-22 11:18:00"
"164","New Delhi","2026-05-18","32.58","55.95","98.67","2026-05-18 13:34:00"
"165","Rourkela","2026-03-22","25.84","86.5","0.72","2026-03-22 22:50:00"
"166","Ahmedabad","2026-04-19","33.9","48.72","38.52","2026-04-19 10:44:00"
"167","Lucknow","2026-04-30","34.3","72.75","110.28","2026-04-30 05:07:00"
"168","Noida","2026-04-11","31.02","52.71","73.54","2026-04-11 05:29:00"
"169","Bhubaneswar","2026-05-04","20.67","40.24","63.66","2026-05-04 01:03:00"
"170","Bengaluru","2026-03-31","23.97","81.26","22.12","2026-03-31 17:46:00"
"171","Rourkela","2026-06-22","33.85","70.19","53.09","2026-06-22 07:49:00"
"172","Rourkela","2026-06-26","19.06","55.0","14.58","2026-06-26 08:53:00"
"173","Durgapur","2026-05-13","25.3","77.94","97.76","2026-05-13 23:45:00"
"174","Puri","2026-01-14","21.31","89.29","67.14","2026-01-14 13:03:00"
"175","Kochi","2026-02-11","37.62","55.29","77.04","2026-02-11 18:17:00"
"176","Pune","2026-06-02","41.11","90.69","61.3","2026-06-02 04:44:00"
"177","Noida","2026-02-07","40.91","83.13","26.28","2026-02-07 10:31:00"
"178","Pune","2026-04-21","30.46","78.89","42.7","2026-04-21 09:31:00"
"179","Durgapur","2026-05-28","26.94","49.11","93.36","2026-05-28 16:02:00"
"180","Mumbai","2026-03-05","39.21","54.45","51.79","2026-03-05 04:23:00"
"181","Puri","2026-01-20","40.75","45.0","67.39","2026-01-20 09:44:00"
"182","Surat","2026-04-14","34.49","89.33","10.62","2026-04-14 09:09:00"
"183","Rourkela","2026-02-18","29.33","39.35","76.52","2026-02-18 20:31:00"
"184","Ahmedabad","2026-01-17","26.02","56.64","60.48","2026-01-17 16:45:00"
"185","Noida","2026-01-22","40.48","67.0","58.64","2026-01-22 22:59:00"
"186","Bengaluru","2026-02-12","39.36","45.96","13.01","2026-02-12 01:03:00"
"187","Bhopal","2026-04-25","35.45","46.7","72.37","2026-04-25 07:29:00"
"188","Surat","2026-04-29","41.55","87.42","33.26","2026-04-29 02:53:00"
"189","Durgapur","2026-05-17","27.96","35.9","91.67","2026-05-17 03:22:00"
"190","Puri","2026-04-15","26.88","92.56","18.23","2026-04-15 17:33:00"
"191","Chennai","2026-05-21","32.27","52.03","112.37","2026-05-21 22:22:00"
"192","Ahmedabad","2026-01-01","38.85","42.04","41.55","2026-01-01 02:27:00"
"193","Bhopal","2026-03-21","21.46","50.74","88.25","2026-03-21 22:39:00"
"194","Rourkela","2026-03-26","18.9","93.03","86.45","2026-03-26 13:42:00"
"195","Mumbai","2026-02-12","39.93","94.82","13.74","2026-02-12 13:59:00"
"196","Cuttack","2026-04-05","20.55","37.11","18.62","2026-04-05 19:35:00"
"197","Hyderabad","2026-01-28","36.36","59.17","64.51","2026-01-28 09:30:00"
"198","Sambalpur","2026-03-03","24.64","86.28","27.37","2026-03-03 09:37:00"
"199","Cuttack","2026-05-27","24.27","46.37","85.57","2026-05-27 03:35:00"
"200","Ahmedabad","2026-01-10","30.43","54.88","32.39","2026-01-10 18:48:00"
"201","Durgapur","2026-04-03","39.57","71.81","6.71","2026-04-03 06:43:00"
"202","Bhubaneswar","2026-04-09","32.9","76.88","46.59","2026-04-09 01:24:00"
"203","Howrah","2026-03-03","20.4","78.03","112.43","2026-03-03 15:21:00"
"204","Durgapur","2026-03-14","23.9","55.95","51.63","2026-03-14 16:25:00"
"205","Bengaluru","2026-01-12","29.65","45.9","105.74","2026-01-12 13:49:00"
"206","Rourkela","2026-05-01","41.22","88.4","54.57","2026-05-01 11:14:00"
"207","New Delhi","2026-04-15","24.6","44.66","0.14","2026-04-15 11:20:00"
"208","Rourkela","2026-04-12","36.08","59.39","117.98","2026-04-12 22:07:00"
"209","Durgapur","2026-03-22","34.54","71.01","116.63","2026-03-22 23:31:00"
"210","New Delhi","2026-03-24","22.23","60.29","39.2","2026-03-24 08:18:00"
"211","Bhubaneswar","2026-03-19","23.83","92.14","12.39","2026-03-19 17:11:00"
"212","Bengaluru","2026-05-28","24.61","69.86","68.75","2026-05-28 22:41:00"
"213","Bhubaneswar","2026-04-14","36.01","85.71","111.11","2026-04-14 08:39:00"
"214","Surat","2026-02-17","40.02","73.59","4.27","2026-02-17 16:33:00"
"215","Surat","2026-05-25","31.28","49.26","9.5","2026-05-25 06:27:00"
"216","Rourkela","2026-03-02","31.66","46.29","82.81","2026-03-02 12:07:00"
"217","Pune","2026-06-25","35.77","91.57","77.33","2026-06-25 02:21:00"
"218","Surat","2026-06-16","36.94","78.02","90.27","2026-06-16 14:03:00"
"219","Hyderabad","2026-02-25","29.14","46.32","100.02","2026-02-25 23:23:00"
"220","Hyderabad","2026-06-25","36.23","52.46","45.37","2026-06-25 06:25:00"
"221","Mumbai","2026-02-07","31.53","40.96","102.9","2026-02-07 09:18:00"
"222","Surat","2026-01-24","25.7","93.57","116.07","2026-01-24 13:37:00"
"223","Pune","2026-03-05","20.35","76.3","111.23","2026-03-05 19:15:00"
"224","Lucknow","2026-04-09","33.07","44.11","24.9","2026-04-09 16:15:00"
"225","Hyderabad","2026-02-17","24.51","64.54","33.46","2026-02-17 13:46:00"
"226","Hyderabad","2026-05-31","32.1","94.81","2.74","2026-05-31 21:16:00"
"227","Hyderabad","2026-04-25","30.47","42.74","114.22","2026-04-25 06:44:00"
"228","Puri","2026-01-17","33.0","41.38","89.34","2026-01-17 10:27:00"
"229","Ahmedabad","2026-04-14","21.22","65.98","79.99","2026-04-14 01:16:00"
"230","Sambalpur","2026-04-27","26.96","70.5","48.84","2026-04-27 13:49:00"
"231","Noida","2026-03-03","27.29","45.72","17.11","2026-03-03 14:25:00"
"232","Lucknow","2026-01-19","19.31","82.56","96.72","2026-01-19 16:41:00"
"233","Ahmedabad","2026-03-02","35.62","67.43","4.3","2026-03-02 19:23:00"
"234","Sambalpur","2026-03-31","24.82","49.2","44.24","2026-03-31 16:01:00"
"235","Durgapur","2026-06-10","18.84","90.15","42.72","2026-06-10 16:12:00"
"236","Lucknow","2026-04-21","40.68","74.31","103.23","2026-04-21 08:28:00"
"237","Howrah","2026-04-23","18.38","94.52","31.05","2026-04-23 12:27:00"
"238","Sambalpur","2026-04-11","28.55","43.53","92.91","2026-04-11 03:25:00"
"239","New Delhi","2026-02-27","22.87","49.65","17.8","2026-02-27 13:55:00"
"240","Sambalpur","2026-02-09","28.69","84.72","33.6","2026-02-09 14:05:00"
"241","Chennai","2026-04-02","18.5","63.65","119.88","2026-04-02 10:24:00"
"242","Kolkata","2026-04-21","34.75","76.76","97.23","2026-04-21 07:02:00"
"243","Bhubaneswar","2026-02-10","31.1","81.38","78.03","2026-02-10 16:28:00"
"244","Rourkela","2026-02-04","25.21","62.7","11.78","2026-02-04 21:14:00"
"245","Mumbai","2026-04-11","28.55","81.01","18.72","2026-04-11 22:26:00"
"246","Noida","2026-05-17","22.52","78.2","112.51","2026-05-17 18:50:00"
"247","Mumbai","2026-04-08","41.19","85.78","50.97","2026-04-08 03:00:00"
"248","Howrah","2026-02-14","34.28","65.24","17.25","2026-02-14 12:05:00"
"249","Rourkela","2026-01-01","38.47","61.58","58.87","2026-01-01 12:58:00"
"250","Surat","2026-02-08","38.62","43.02","13.72","2026-02-08 14:40:00"
"251","Ahmedabad","2026-04-20","35.6","59.03","0.02","2026-04-20 15:16:00"
"252","Cuttack","2026-02-04","37.37","42.69","32.08","2026-02-04 14:43:00"
"253","Noida","2026-03-18","27.01","44.49","95.92","2026-03-18 14:22:00"
"254","Bhopal","2026-06-15","37.24","60.56","48.31","2026-06-15 07:23:00"
"255","Pune","2026-02-06","38.45","51.29","10.59","2026-02-06 19:10:00"
"256","Rourkela","2026-02-18","26.31","88.37","43.98","2026-02-18 07:52:00"
"257","New Delhi","2026-01-05","34.61","75.01","71.59","2026-01-05 11:49:00"
"258","Rourkela","2026-04-08","32.6","49.15","96.47","2026-04-08 03:21:00"
"259","Bhubaneswar","2026-06-23","19.87","81.44","34.27","2026-06-23 05:53:00"
"260","Bhopal","2026-01-18","30.97","70.23","27.22","2026-01-18 20:41:00"
"261","Rourkela","2026-01-07","33.9","89.63","115.38","2026-01-07 08:42:00"
"262","Puri","2026-05-29","29.26","42.99","105.41","2026-05-29 14:54:00"
"263","Ahmedabad","2026-02-14","29.39","84.31","53.19","2026-02-14 05:05:00"
"264","Kochi","2026-01-09","28.87","48.12","43.61","2026-01-09 18:44:00"
"265","Kolkata","2026-02-01","19.98","92.11","40.39","2026-02-01 11:53:00"
"266","Durgapur","2026-03-06","38.54","35.62","25.5","2026-03-06 18:49:00"
"267","Howrah","2026-01-24","31.54","88.67","24.7","2026-01-24 16:59:00"
"268","Cuttack","2026-06-30","37.55","58.11","67.97","2026-06-30 08:08:00"
"269","Durgapur","2026-01-14","25.65","44.93","104.04","2026-01-14 21:43:00"
"270","Noida","2026-06-19","35.86","80.8","37.55","2026-06-19 02:47:00"
"271","Bengaluru","2026-01-07","27.49","92.9","18.18","2026-01-07 02:37:00"
"272","Puri","2026-04-14","33.24","54.9","49.69","2026-04-14 11:52:00"
"273","Cuttack","2026-06-27","18.46","55.24","0.83","2026-06-27 10:09:00"
"274","Howrah","2026-03-16","23.24","43.46","23.38","2026-03-16 12:03:00"
"275","Bengaluru","2026-05-05","21.34","88.17","117.34","2026-05-05 15:19:00"
"276","Lucknow","2026-04-23","24.98","43.93","93.29","2026-04-23 06:46:00"
"277","Kochi","2026-05-14","37.19","62.18","40.61","2026-05-14 19:57:00"
"278","Ahmedabad","2026-01-12","24.83","58.2","103.22","2026-01-12 13:59:00"
"279","Hyderabad","2026-05-12","37.15","48.9","18.18","2026-05-12 20:55:00"
"280","Kolkata","2026-05-21","37.05","91.74","2.44","2026-05-21 22:53:00"
"281","Noida","2026-06-04","41.48","51.07","99.41","2026-06-04 13:09:00"
"282","New Delhi","2026-03-10","38.89","63.13","100.61","2026-03-10 13:21:00"
"283","Durgapur","2026-05-02","28.51","77.05","5.1","2026-05-02 15:54:00"
"284","Ahmedabad","2026-01-03","39.92","46.44","29.24","2026-01-03 11:01:00"
"285","Durgapur","2026-03-07","19.48","71.54","84.55","2026-03-07 02:15:00"
"286","Kolkata","2026-06-12","35.91","58.08","35.9","2026-06-12 18:25:00"
"287","Ahmedabad","2026-03-18","39.37","71.55","7.74","2026-03-18 01:50:00"
"288","Durgapur","2026-06-30","39.36","37.17","87.81","2026-06-30 09:03:00"
"289","Howrah","2026-01-15","41.7","49.12","94.95","2026-01-15 21:42:00"
"290","Chennai","2026-04-25","34.02","50.6","21.15","2026-04-25 04:14:00"
"291","Noida","2026-01-09","38.41","56.53","64.05","2026-01-09 12:36:00"
"292","Kolkata","2026-05-19","29.41","53.4","58.7","2026-05-19 14:37:00"
"293","Lucknow","2026-04-21","30.81","77.88","5.94","2026-04-21 04:52:00"
"294","Rourkela","2026-05-02","20.98","59.93","113.59","2026-05-02 21:54:00"
"295","Kochi","2026-06-23","22.93","79.74","50.15","2026-06-23 06:14:00"
"296","Bengaluru","2026-01-12","23.53","77.18","86.76","2026-01-12 13:32:00"
"297","Hyderabad","2026-05-24","39.7","38.01","32.51","2026-05-24 17:00:00"
"298","Durgapur","2026-05-06","37.56","92.87","48.8","2026-05-06 16:26:00"
"299","Bengaluru","2026-06-13","26.59","67.6","83.62","2026-06-13 14:09:00"
"300","Chennai","2026-01-30","29.4","81.68","51.59","2026-01-30 16:49:00"
"301","Chennai","2026-02-10","41.33","44.83","30.89","2026-02-10 17:09:00"
"302","Howrah","2026-02-07","19.02","78.24","3.59","2026-02-07 11:15:00"
"303","Durgapur","2026-06-26","24.47","38.71","38.82","2026-06-26 02:34:00"
"304","Durgapur","2026-01-19","24.19","46.81","3.03","2026-01-19 06:28:00"
"305","Puri","2026-04-22","33.3","35.82","41.29","2026-04-22 03:22:00"
"306","Bhubaneswar","2026-05-19","36.63","91.19","32.23","2026-05-19 22:19:00"
"307","Bhopal","2026-03-10","26.09","91.87","104.03","2026-03-10 17:44:00"
"308","Lucknow","2026-02-18","36.57","76.58","21.02","2026-02-18 19:05:00"
"309","Howrah","2026-06-02","29.75","94.37","111.99","2026-06-02 12:54:00"
"310","Lucknow","2026-04-16","33.88","70.2","27.98","2026-04-16 08:14:00"
"311","Rourkela","2026-01-31","33.44","68.93","77.01","2026-01-31 19:05:00"
"312","Puri","2026-01-14","35.62","91.28","46.17","2026-01-14 23:57:00"
"313","Ahmedabad","2026-01-28","26.24","91.76","46.17","2026-01-28 08:20:00"
"314","Hyderabad","2026-01-12","24.24","71.37","36.42","2026-01-12 01:33:00"
"315","Surat","2026-06-11","28.83","59.53","6.6","2026-06-11 16:26:00"
"316","Durgapur","2026-04-03","19.88","56.87","51.97","2026-04-03 21:38:00"
"317","Ahmedabad","2026-05-12","20.44","57.96","45.31","2026-05-12 18:39:00"
"318","Puri","2026-06-24","22.79","64.58","59.94","2026-06-24 19:15:00"
"319","Rourkela","2026-01-31","38.21","56.1","57.55","2026-01-31 03:59:00"
"320","Bhubaneswar","2026-02-28","35.34","51.73","118.24","2026-02-28 17:24:00"
"321","Bhubaneswar","2026-01-26","22.47","86.89","4.81","2026-01-26 23:53:00"
"322","Sambalpur","2026-01-20","39.23","67.95","95.82","2026-01-20 06:47:00"
"323","Surat","2026-05-30","40.04","52.75","89.99","2026-05-30 09:08:00"
"324","Lucknow","2026-06-09","25.96","66.26","52.37","2026-06-09 09:17:00"
"325","Mumbai","2026-01-09","25.01","54.88","52.23","2026-01-09 22:40:00"
"326","Bengaluru","2026-05-13","23.99","54.09","99.16","2026-05-13 07:15:00"
"327","Hyderabad","2026-01-06","19.29","76.24","78.82","2026-01-06 23:33:00"
"328","Kolkata","2026-02-15","28.0","45.11","114.31","2026-02-15 22:52:00"
"329","Bhopal","2026-06-10","18.44","83.59","36.34","2026-06-10 02:54:00"
"330","Rourkela","2026-05-22","20.52","88.52","107.52","2026-05-22 04:38:00"
"331","Lucknow","2026-01-05","30.92","72.61","27.7","2026-01-05 11:39:00"
"332","Bhubaneswar","2026-06-03","35.26","50.49","37.11","2026-06-03 13:47:00"
"333","Rourkela","2026-03-17","21.22","58.19","48.42","2026-03-17 21:48:00"
"334","Kochi","2026-03-15","18.45","56.17","94.19","2026-03-15 23:33:00"
"335","Mumbai","2026-01-13","39.98","61.5","56.79","2026-01-13 09:15:00"
"336","Rourkela","2026-01-01","24.36","36.58","33.63","2026-01-01 18:13:00"
"337","Hyderabad","2026-06-26","29.83","70.74","3.93","2026-06-26 08:40:00"
"338","Hyderabad","2026-06-19","26.22","83.4","90.25","2026-06-19 10:06:00"
"339","Lucknow","2026-02-02","41.32","37.82","32.28","2026-02-02 22:24:00"
"340","Durgapur","2026-04-19","23.38","57.32","93.41","2026-04-19 21:21:00"
"341","Hyderabad","2026-04-03","39.25","35.23","98.13","2026-04-03 08:15:00"
"342","New Delhi","2026-01-25","35.14","63.38","4.45","2026-01-25 12:59:00"
"343","Mumbai","2026-01-11","20.71","52.41","70.02","2026-01-11 10:55:00"
"344","Pune","2026-04-13","33.83","40.19","4.33","2026-04-13 11:22:00"
"345","Cuttack","2026-05-30","40.38","82.93","68.49","2026-05-30 01:59:00"
"346","Bengaluru","2026-04-06","24.32","59.38","14.67","2026-04-06 21:28:00"
"347","Noida","2026-02-17","24.86","56.02","104.51","2026-02-17 15:29:00"
"348","Bhubaneswar","2026-03-02","38.35","54.9","25.74","2026-03-02 17:37:00"
"349","Sambalpur","2026-04-08","33.8","66.12","69.22","2026-04-08 19:51:00"
"350","Bengaluru","2026-04-28","30.67","58.19","35.39","2026-04-28 02:55:00"
"351","Pune","2026-02-03","34.73","50.37","32.95","2026-02-03 03:28:00"
"352","Ahmedabad","2026-04-13","28.95","83.62","3.45","2026-04-13 11:38:00"
"353","Bhopal","2026-02-27","33.77","68.26","51.9","2026-02-27 13:08:00"
"354","Kochi","2026-05-30","39.19","38.72","30.83","2026-05-30 20:51:00"
"355","Kolkata","2026-05-25","40.48","85.6","84.41","2026-05-25 23:15:00"
"356","Surat","2026-03-25","19.98","74.51","44.99","2026-03-25 09:02:00"
"357","Howrah","2026-03-15","24.89","49.28","33.55","2026-03-15 16:18:00"
"358","Mumbai","2026-04-22","31.75","59.96","82.06","2026-04-22 12:12:00"
"359","Durgapur","2026-03-22","24.73","81.43","42.84","2026-03-22 06:06:00"
"360","Surat","2026-01-04","32.67","43.77","32.31","2026-01-04 05:43:00"
"361","Cuttack","2026-06-23","38.15","85.76","91.39","2026-06-23 22:50:00"
"362","Sambalpur","2026-06-05","41.62","52.74","96.12","2026-06-05 14:16:00"
"363","Rourkela","2026-06-16","29.59","47.57","47.47","2026-06-16 13:28:00"
"364","Kolkata","2026-02-08","32.52","71.76","75.51","2026-02-08 04:34:00"
"365","Puri","2026-03-03","24.52","69.8","59.2","2026-03-03 07:02:00"
"366","Noida","2026-05-10","26.05","89.58","31.3","2026-05-10 14:05:00"
"367","Ahmedabad","2026-01-30","37.13","91.73","99.95","2026-01-30 21:58:00"
"368","Kolkata","2026-03-20","36.55","84.85","87.46","2026-03-20 14:10:00"
"369","Puri","2026-06-19","31.67","35.04","37.51","2026-06-19 19:56:00"
"370","Surat","2026-05-10","38.36","64.42","110.66","2026-05-10 06:57:00"
"371","Cuttack","2026-01-04","39.88","85.96","54.28","2026-01-04 11:44:00"
"372","Chennai","2026-03-30","33.4","64.53","62.86","2026-03-30 07:16:00"
"373","Kochi","2026-06-22","21.89","90.49","66.19","2026-06-22 05:45:00"
"374","Durgapur","2026-01-28","36.57","53.8","30.02","2026-01-28 22:21:00"
"375","Cuttack","2026-05-09","30.39","35.44","17.41","2026-05-09 23:28:00"
"376","Durgapur","2026-03-21","35.35","44.36","10.03","2026-03-21 04:10:00"
"377","Rourkela","2026-03-11","25.47","63.46","14.02","2026-03-11 15:14:00"
"378","Noida","2026-02-17","33.37","88.02","104.45","2026-02-17 19:00:00"
"379","Ahmedabad","2026-03-20","41.53","89.28","28.22","2026-03-20 10:26:00"
"380","Howrah","2026-03-16","35.77","42.25","47.43","2026-03-16 13:47:00"
"381","Ahmedabad","2026-05-18","19.02","44.34","47.05","2026-05-18 19:56:00"
"382","Chennai","2026-05-14","24.92","88.3","20.21","2026-05-14 12:40:00"
"383","Sambalpur","2026-01-22","25.46","93.73","7.27","2026-01-22 22:40:00"
"384","Sambalpur","2026-03-02","32.5","87.21","8.62","2026-03-02 20:46:00"
"385","Chennai","2026-05-09","26.34","50.89","74.63","2026-05-09 16:33:00"
"386","New Delhi","2026-04-24","18.5","64.71","60.15","2026-04-24 18:41:00"
"387","Durgapur","2026-05-20","24.97","61.7","64.98","2026-05-20 19:20:00"
"388","Bengaluru","2026-06-21","25.92","57.01","25.0","2026-06-21 01:33:00"
"389","Bhopal","2026-03-17","37.73","59.65","101.37","2026-03-17 15:43:00"
"390","Chennai","2026-01-28","37.9","62.61","38.98","2026-01-28 06:26:00"
"391","Noida","2026-04-15","38.56","45.61","54.29","2026-04-15 13:24:00"
"392","Durgapur","2026-02-18","35.01","85.78","63.17","2026-02-18 13:55:00"
"393","Pune","2026-06-09","32.34","87.64","79.44","2026-06-09 22:03:00"
"394","Kochi","2026-05-20","20.39","75.05","37.25","2026-05-20 21:50:00"
"395","Bengaluru","2026-01-26","32.39","45.79","115.77","2026-01-26 03:20:00"
"396","Ahmedabad","2026-05-08","21.23","80.72","5.11","2026-05-08 06:38:00"
"397","Hyderabad","2026-05-20","21.11","40.08","69.64","2026-05-20 01:16:00"
"398","Surat","2026-03-02","41.43","38.83","101.37","2026-03-02 07:30:00"
"399","Rourkela","2026-03-04","28.66","46.99","81.28","2026-03-04 05:42:00"
"400","Howrah","2026-06-27","30.0","47.57","74.86","2026-06-27 13:35:00"
"401","Lucknow","2026-02-08","28.41","72.48","15.38","2026-02-08 07:04:00"
"402","Pune","2026-03-31","30.84","35.03","91.76","2026-03-31 05:38:00"
"403","Bhopal","2026-04-06","28.8","59.32","45.29","2026-04-06 08:17:00"
"404","Hyderabad","2026-05-27","20.07","42.31","51.54","2026-05-27 07:04:00"
"405","Noida","2026-06-12","21.4","87.08","110.67","2026-06-12 15:59:00"
"406","Chennai","2026-02-12","37.8","90.96","79.47","2026-02-12 03:56:00"
"407","Durgapur","2026-02-08","29.46","78.39","27.58","2026-02-08 07:53:00"
"408","Pune","2026-03-22","28.03","48.36","78.54","2026-03-22 23:37:00"
"409","Noida","2026-06-20","30.27","75.53","49.23","2026-06-20 04:45:00"
"410","Ahmedabad","2026-01-08","24.71","84.42","20.44","2026-01-08 17:31:00"
"411","Pune","2026-03-31","38.59","44.37","37.07","2026-03-31 11:10:00"
"412","Pune","2026-02-17","36.48","49.42","30.07","2026-02-17 04:38:00"
"413","Durgapur","2026-06-22","31.0","80.73","47.89","2026-06-22 05:08:00"
"414","Hyderabad","2026-03-08","26.75","77.09","51.8","2026-03-08 22:08:00"
"415","Rourkela","2026-03-19","34.11","53.76","47.04","2026-03-19 09:56:00"
"416","Surat","2026-03-06","18.48","62.57","81.8","2026-03-06 04:22:00"
"417","Sambalpur","2026-03-18","18.41","70.35","91.45","2026-03-18 06:04:00"
"418","Hyderabad","2026-05-13","18.91","81.55","38.32","2026-05-13 16:12:00"
"419","Ahmedabad","2026-01-09","23.96","82.65","88.54","2026-01-09 11:54:00"
"420","Hyderabad","2026-05-14","36.08","56.81","53.04","2026-05-14 21:47:00"
"421","Kochi","2026-01-07","32.55","79.83","71.29","2026-01-07 04:14:00"
"422","Hyderabad","2026-02-05","36.23","50.56","73.93","2026-02-05 10:18:00"
"423","Surat","2026-03-03","30.17","62.78","2.27","2026-03-03 10:17:00"
"424","Puri","2026-02-06","40.75","61.85","31.48","2026-02-06 17:17:00"
"425","Kochi","2026-02-22","39.97","79.05","115.55","2026-02-22 08:53:00"
"426","Cuttack","2026-05-02","30.1","64.17","118.35","2026-05-02 21:54:00"
"427","Surat","2026-02-17","21.79","48.87","99.8","2026-02-17 10:52:00"
"428","Lucknow","2026-02-05","26.71","64.17","67.97","2026-02-05 16:53:00"
"429","Pune","2026-05-07","41.37","80.03","70.11","2026-05-07 02:32:00"
"430","Hyderabad","2026-06-10","36.14","79.04","23.02","2026-06-10 18:58:00"
"431","Chennai","2026-01-25","29.62","60.01","67.85","2026-01-25 20:46:00"
"432","Mumbai","2026-04-11","27.4","85.04","15.91","2026-04-11 16:05:00"
"433","Cuttack","2026-04-13","20.9","48.85","119.41","2026-04-13 21:09:00"
"434","Hyderabad","2026-03-18","28.76","76.2","29.15","2026-03-18 15:28:00"
"435","Bengaluru","2026-01-08","27.95","55.89","52.85","2026-01-08 12:00:00"
"436","Bengaluru","2026-06-06","30.68","59.12","80.82","2026-06-06 04:32:00"
"437","Rourkela","2026-06-24","27.7","46.27","108.39","2026-06-24 01:29:00"
"438","Rourkela","2026-01-13","35.7","79.38","4.21","2026-01-13 14:22:00"
"439","Hyderabad","2026-04-28","23.35","78.58","27.35","2026-04-28 23:44:00"
"440","Bengaluru","2026-02-09","29.33","59.0","79.64","2026-02-09 22:14:00"
"441","Rourkela","2026-03-21","27.0","80.56","45.18","2026-03-21 10:36:00"
"442","Puri","2026-03-25","19.14","74.19","0.34","2026-03-25 22:54:00"
"443","Lucknow","2026-01-05","22.55","62.98","22.71","2026-01-05 04:58:00"
"444","Puri","2026-01-27","40.43","61.35","94.65","2026-01-27 15:32:00"
"445","Hyderabad","2026-01-30","25.81","58.29","119.36","2026-01-30 01:17:00"
"446","Hyderabad","2026-06-17","21.88","69.55","55.81","2026-06-17 20:27:00"
"447","Kochi","2026-05-05","35.31","45.75","12.49","2026-05-05 09:56:00"
"448","Puri","2026-06-12","34.34","63.96","15.44","2026-06-12 15:27:00"
"449","Chennai","2026-06-21","19.39","46.06","82.75","2026-06-21 22:31:00"
"450","Puri","2026-04-20","37.08","42.37","31.89","2026-04-20 09:14:00"
"451","Chennai","2026-02-01","22.13","93.04","17.11","2026-02-01 15:27:00"
"452","Rourkela","2026-02-27","36.49","59.33","55.08","2026-02-27 09:28:00"
"453","Bengaluru","2026-06-15","40.76","58.4","41.54","2026-06-15 23:45:00"
"454","Bengaluru","2026-02-22","39.57","37.11","61.18","2026-02-22 10:10:00"
"455","Bhopal","2026-03-27","34.29","89.17","9.46","2026-03-27 23:24:00"
"456","Noida","2026-05-31","29.0","39.38","32.51","2026-05-31 20:45:00"
"457","Noida","2026-02-07","40.2","59.87","114.11","2026-02-07 11:44:00"
"458","Surat","2026-05-12","25.69","48.59","46.15","2026-05-12 05:32:00"
"459","Lucknow","2026-05-10","24.23","79.83","110.38","2026-05-10 03:10:00"
"460","Lucknow","2026-06-30","37.62","56.3","88.98","2026-06-30 04:57:00"
"461","Bhubaneswar","2026-01-02","35.27","92.76","88.05","2026-01-02 09:17:00"
"462","Ahmedabad","2026-01-03","22.78","65.9","57.65","2026-01-03 15:05:00"
"463","Durgapur","2026-01-21","20.23","40.08","61.15","2026-01-21 03:12:00"
"464","Noida","2026-06-12","36.83","43.32","2.38","2026-06-12 03:54:00"
"465","Sambalpur","2026-04-13","28.9","81.75","2.71","2026-04-13 23:57:00"
"466","Sambalpur","2026-02-26","25.87","43.69","59.56","2026-02-26 01:01:00"
"467","Bhubaneswar","2026-06-30","20.91","59.14","84.03","2026-06-30 10:08:00"
"468","Kolkata","2026-04-16","38.93","66.15","33.34","2026-04-16 17:24:00"
"469","Hyderabad","2026-04-05","33.56","47.59","89.71","2026-04-05 18:46:00"
"470","Rourkela","2026-04-19","33.41","89.41","106.59","2026-04-19 05:09:00"
"471","Kochi","2026-05-26","35.31","86.59","47.85","2026-05-26 20:44:00"
"472","Mumbai","2026-01-28","35.92","89.94","2.38","2026-01-28 21:59:00"
"473","Durgapur","2026-06-24","23.99","76.72","13.24","2026-06-24 09:31:00"
"474","New Delhi","2026-02-08","34.29","78.33","6.93","2026-02-08 06:07:00"
"475","Mumbai","2026-06-09","23.84","48.6","42.84","2026-06-09 14:38:00"
"476","Chennai","2026-02-17","30.79","83.17","119.73","2026-02-17 03:53:00"
"477","Bhubaneswar","2026-06-17","40.0","48.79","94.44","2026-06-17 10:33:00"
"478","Pune","2026-04-01","41.82","70.42","84.33","2026-04-01 23:47:00"
"479","Cuttack","2026-01-21","20.79","60.05","42.16","2026-01-21 20:40:00"
"480","Cuttack","2026-02-12","33.31","40.71","18.49","2026-02-12 02:25:00"
"481","Durgapur","2026-05-16","41.71","61.81","95.3","2026-05-16 22:51:00"
"482","Durgapur","2026-03-24","40.81","48.85","109.53","2026-03-24 01:29:00"
"483","Hyderabad","2026-04-11","30.76","78.1","105.26","2026-04-11 06:22:00"
"484","Surat","2026-05-18","29.4","63.09","84.15","2026-05-18 15:42:00"
"485","Sambalpur","2026-03-28","37.99","48.19","85.28","2026-03-28 16:24:00"
"486","New Delhi","2026-04-04","31.05","42.23","30.35","2026-04-04 04:45:00"
"487","Bhopal","2026-04-22","21.7","60.26","39.81","2026-04-22 21:01:00"
"488","Bhopal","2026-04-21","37.01","84.19","22.58","2026-04-21 14:16:00"
"489","Ahmedabad","2026-02-12","40.67","67.63","82.68","2026-02-12 15:27:00"
"490","Bhopal","2026-01-20","32.73","84.91","112.01","2026-01-20 11:31:00"
"491","Pune","2026-03-19","28.47","85.24","69.98","2026-03-19 23:22:00"
"492","Durgapur","2026-05-17","35.31","82.9","45.13","2026-05-17 18:17:00"
"493","Puri","2026-05-02","38.5","85.4","107.15","2026-05-02 19:44:00"
"494","Noida","2026-02-19","37.8","86.99","77.19","2026-02-19 06:06:00"
"495","Howrah","2026-03-15","21.49","36.68","39.77","2026-03-15 23:25:00"
"496","Surat","2026-04-08","21.64","65.6","81.59","2026-04-08 21:00:00"
"497","Noida","2026-01-24","26.66","85.56","90.32","2026-01-24 19:59:00"
"498","Durgapur","2026-05-18","39.89","61.15","46.2","2026-05-18 15:38:00"
"499","Durgapur","2026-06-26","28.79","78.45","19.03","2026-06-26 02:37:00"
"500","Kochi","2026-01-21","25.64","85.13","103.84","2026-01-21 07:31:00"
"501","Mumbai","2026-02-20","25.15","46.71","103.95","2026-02-20 04:49:00"
"502","Surat","2026-01-01","32.92","42.89","8.46","2026-01-01 19:38:00"
"503","Noida","2026-02-13","24.24","43.91","88.36","2026-02-13 01:34:00"
"504","Bhopal","2026-02-03","28.67","40.38","80.43","2026-02-03 19:39:00"
"505","Durgapur","2026-05-24","32.33","69.34","118.79","2026-05-24 06:51:00"
"506","Noida","2026-03-13","21.73","89.81","45.01","2026-03-13 12:01:00"
"507","Rourkela","2026-06-08","41.48","73.45","67.11","2026-06-08 18:44:00"
"508","Cuttack","2026-02-09","27.29","49.88","91.43","2026-02-09 11:15:00"
"509","Hyderabad","2026-03-13","39.61","71.34","113.23","2026-03-13 10:29:00"
"510","Howrah","2026-05-28","29.37","47.89","76.61","2026-05-28 08:56:00"
"511","Pune","2026-05-27","25.88","47.43","113.01","2026-05-27 01:08:00"
"512","Howrah","2026-03-26","19.84","44.87","86.7","2026-03-26 10:46:00"
"513","Pune","2026-06-26","18.09","43.95","50.95","2026-06-26 15:14:00"
"514","Mumbai","2026-05-18","41.82","72.14","106.82","2026-05-18 07:17:00"
"515","Cuttack","2026-04-15","18.7","35.12","27.62","2026-04-15 15:59:00"
"516","Sambalpur","2026-05-26","24.68","72.89","64.82","2026-05-26 19:00:00"
"517","Kolkata","2026-03-21","24.27","36.99","97.53","2026-03-21 16:14:00"
"518","Lucknow","2026-02-17","31.99","56.93","13.62","2026-02-17 21:19:00"
"519","Bengaluru","2026-01-21","24.24","40.28","36.0","2026-01-21 20:00:00"
"520","Noida","2026-05-13","28.42","63.46","9.08","2026-05-13 11:25:00"
"521","Howrah","2026-03-17","39.31","46.63","57.15","2026-03-17 09:09:00"
"522","Noida","2026-02-18","34.26","90.94","113.13","2026-02-18 22:14:00"
"523","Kochi","2026-01-05","20.86","89.32","48.07","2026-01-05 06:55:00"
"524","Kolkata","2026-04-05","20.94","67.45","50.13","2026-04-05 20:48:00"
"525","Bhubaneswar","2026-03-16","29.11","53.91","41.02","2026-03-16 11:18:00"
"526","Rourkela","2026-05-15","22.79","40.6","35.3","2026-05-15 20:57:00"
"527","Noida","2026-03-29","32.89","72.7","22.38","2026-03-29 13:20:00"
"528","Kolkata","2026-04-01","21.24","83.95","66.13","2026-04-01 06:17:00"
"529","Noida","2026-04-22","28.19","69.06","93.49","2026-04-22 02:05:00"
"530","Bhopal","2026-04-24","31.83","44.04","63.05","2026-04-24 21:36:00"
"531","Mumbai","2026-03-26","19.25","81.21","76.66","2026-03-26 12:23:00"
"532","Puri","2026-05-05","37.48","77.8","83.38","2026-05-05 18:08:00"
"533","Chennai","2026-06-25","41.02","70.41","69.58","2026-06-25 13:21:00"
"534","Bhopal","2026-05-31","29.1","90.67","61.92","2026-05-31 18:49:00"
"535","Lucknow","2026-04-06","41.14","70.41","95.66","2026-04-06 07:56:00"
"536","Hyderabad","2026-05-09","40.78","80.03","112.6","2026-05-09 22:47:00"
"537","Lucknow","2026-05-23","33.43","69.1","39.86","2026-05-23 12:19:00"
"538","New Delhi","2026-04-04","18.66","87.74","66.74","2026-04-04 02:45:00"
"539","Lucknow","2026-05-08","40.42","83.92","91.17","2026-05-08 09:24:00"
"540","Bhubaneswar","2026-01-29","34.46","78.81","17.38","2026-01-29 21:01:00"
"541","Hyderabad","2026-03-23","22.6","66.23","95.55","2026-03-23 10:48:00"
"542","Bengaluru","2026-01-23","39.71","68.51","90.71","2026-01-23 01:31:00"
"543","Pune","2026-04-12","36.06","58.31","101.65","2026-04-12 11:36:00"
"544","Surat","2026-03-03","25.92","50.15","82.96","2026-03-03 17:39:00"
"545","Chennai","2026-01-07","26.33","73.26","67.34","2026-01-07 18:14:00"
"546","Bhubaneswar","2026-03-16","32.98","93.99","7.87","2026-03-16 05:37:00"
"547","Rourkela","2026-01-13","37.62","59.06","91.11","2026-01-13 20:35:00"
"548","Noida","2026-01-07","32.01","57.27","2.46","2026-01-07 10:07:00"
"549","Kolkata","2026-02-06","31.19","72.52","4.37","2026-02-06 02:28:00"
"550","Mumbai","2026-02-05","40.72","79.75","56.82","2026-02-05 03:50:00"
"551","Chennai","2026-06-03","33.3","75.96","71.88","2026-06-03 23:19:00"
"552","Bhubaneswar","2026-06-07","19.96","48.29","118.39","2026-06-07 22:50:00"
"553","Bhubaneswar","2026-06-13","20.51","48.75","43.37","2026-06-13 11:37:00"
"554","Bengaluru","2026-03-08","27.53","60.44","9.42","2026-03-08 16:26:00"
"555","Chennai","2026-04-14","28.68","64.9","49.01","2026-04-14 23:16:00"
"556","Durgapur","2026-05-06","18.91","43.73","86.09","2026-05-06 17:00:00"
"557","Mumbai","2026-03-27","34.33","59.39","53.87","2026-03-27 01:28:00"
"558","Lucknow","2026-03-16","34.14","63.9","74.9","2026-03-16 11:38:00"
"559","Chennai","2026-05-29","35.45","45.32","108.5","2026-05-29 08:23:00"
"560","Chennai","2026-05-15","33.68","89.39","112.67","2026-05-15 11:11:00"
"561","New Delhi","2026-06-06","25.17","48.85","113.86","2026-06-06 23:48:00"
"562","New Delhi","2026-01-05","28.61","74.13","93.08","2026-01-05 04:26:00"
"563","Puri","2026-06-15","27.54","37.66","3.52","2026-06-15 01:20:00"
"564","Puri","2026-02-27","26.34","47.3","80.13","2026-02-27 23:12:00"
"565","Kolkata","2026-05-25","18.56","86.57","12.24","2026-05-25 18:50:00"
"566","Cuttack","2026-02-23","24.69","47.63","102.94","2026-02-23 20:00:00"
"567","Kolkata","2026-04-08","31.53","40.16","14.01","2026-04-08 06:52:00"
"568","Hyderabad","2026-01-19","33.02","69.55","88.13","2026-01-19 01:01:00"
"569","Sambalpur","2026-04-10","21.02","64.44","96.65","2026-04-10 21:58:00"
"570","Noida","2026-05-19","41.94","83.85","49.65","2026-05-19 20:53:00"
"571","Pune","2026-03-30","38.72","42.26","20.37","2026-03-30 07:40:00"
"572","Mumbai","2026-02-21","23.9","69.68","96.39","2026-02-21 17:11:00"
"573","Noida","2026-03-14","22.18","68.82","96.78","2026-03-14 19:25:00"
"574","Howrah","2026-02-12","38.4","86.71","57.75","2026-02-12 23:06:00"
"575","Ahmedabad","2026-06-07","30.8","67.18","98.43","2026-06-07 10:00:00"
"576","Bengaluru","2026-06-30","23.23","80.3","12.46","2026-06-30 05:40:00"
"577","Bhopal","2026-04-21","36.99","69.71","40.73","2026-04-21 16:50:00"
"578","Cuttack","2026-04-18","35.03","66.76","105.82","2026-04-18 12:39:00"
"579","Bhopal","2026-02-17","41.06","67.24","62.66","2026-02-17 15:08:00"
"580","Pune","2026-01-05","23.14","56.87","90.39","2026-01-05 23:20:00"
"581","Mumbai","2026-03-24","38.54","57.19","60.73","2026-03-24 19:46:00"
"582","Sambalpur","2026-02-19","32.46","39.98","40.59","2026-02-19 14:58:00"
"583","Kochi","2026-04-11","41.06","92.47","54.56","2026-04-11 01:28:00"
"584","New Delhi","2026-01-27","19.21","58.15","88.15","2026-01-27 01:34:00"
"585","Bengaluru","2026-04-16","34.23","79.69","26.78","2026-04-16 07:52:00"
"586","Rourkela","2026-06-08","32.02","61.94","79.82","2026-06-08 02:59:00"
"587","Lucknow","2026-06-10","24.62","88.08","107.86","2026-06-10 15:07:00"
"588","Lucknow","2026-03-21","19.09","65.17","59.5","2026-03-21 17:41:00"
"589","Ahmedabad","2026-04-11","39.2","81.48","105.46","2026-04-11 04:17:00"
"590","Rourkela","2026-02-20","41.69","80.95","49.28","2026-02-20 01:16:00"
"591","Kochi","2026-03-16","25.4","46.72","61.84","2026-03-16 23:07:00"
"592","Durgapur","2026-02-22","29.96","89.1","103.79","2026-02-22 12:32:00"
"593","Lucknow","2026-04-02","27.12","75.83","107.67","2026-04-02 07:58:00"
"594","Surat","2026-01-26","20.24","51.88","94.83","2026-01-26 21:12:00"
"595","Cuttack","2026-04-19","30.57","75.07","28.06","2026-04-19 05:53:00"
"596","Hyderabad","2026-04-22","19.82","92.39","34.09","2026-04-22 12:43:00"
"597","Howrah","2026-04-15","27.22","43.7","112.37","2026-04-15 09:03:00"
"598","Lucknow","2026-03-27","37.02","53.87","114.65","2026-03-27 16:52:00"
"599","Howrah","2026-06-17","23.97","92.57","93.19","2026-06-17 14:35:00"
"600","Ahmedabad","2026-05-01","38.5","69.75","16.15","2026-05-01 02:09:00"
"601","Lucknow","2026-02-14","41.29","65.46","25.75","2026-02-14 18:48:00"
"602","Puri","2026-06-26","41.11","37.21","45.56","2026-06-26 05:20:00"
"603","Mumbai","2026-03-17","29.61","51.59","29.78","2026-03-17 04:30:00"
"604","Surat","2026-06-23","32.18","91.45","71.5","2026-06-23 11:41:00"
"605","Ahmedabad","2026-05-08","35.34","73.14","28.27","2026-05-08 13:10:00"
"606","Howrah","2026-01-31","33.98","84.35","17.23","2026-01-31 18:16:00"
"607","Lucknow","2026-01-19","41.83","63.77","16.7","2026-01-19 07:14:00"
"608","Sambalpur","2026-04-28","37.54","91.83","86.53","2026-04-28 03:10:00"
"609","Surat","2026-01-29","27.01","88.11","118.04","2026-01-29 10:50:00"
"610","Puri","2026-01-05","26.91","76.22","11.83","2026-01-05 06:43:00"
"611","Kolkata","2026-02-26","36.96","46.91","100.1","2026-02-26 07:19:00"
"612","New Delhi","2026-02-04","38.56","75.79","12.27","2026-02-04 01:52:00"
"613","Chennai","2026-02-16","35.09","68.7","51.19","2026-02-16 17:25:00"
"614","Puri","2026-03-12","19.74","58.48","10.49","2026-03-12 05:38:00"
"615","Durgapur","2026-02-05","36.21","88.77","65.13","2026-02-05 23:37:00"
"616","Surat","2026-02-21","38.88","61.36","54.63","2026-02-21 08:16:00"
"617","Chennai","2026-01-12","28.16","86.87","86.99","2026-01-12 04:07:00"
"618","Surat","2026-03-12","28.7","48.45","65.35","2026-03-12 13:24:00"
"619","Kolkata","2026-06-02","23.34","58.87","15.2","2026-06-02 08:41:00"
"620","Surat","2026-05-12","35.92","68.88","4.28","2026-05-12 21:43:00"
"621","Lucknow","2026-03-20","29.8","39.55","91.99","2026-03-20 05:12:00"
"622","Kolkata","2026-03-25","24.82","94.9","24.25","2026-03-25 05:32:00"
"623","Lucknow","2026-01-18","33.72","46.68","64.63","2026-01-18 08:16:00"
"624","Puri","2026-05-14","30.9","77.0","12.73","2026-05-14 03:09:00"
"625","Chennai","2026-01-12","20.52","67.64","56.41","2026-01-12 05:16:00"
"626","Chennai","2026-05-18","30.61","68.82","107.1","2026-05-18 23:29:00"
"627","Hyderabad","2026-02-26","38.13","70.77","51.29","2026-02-26 21:01:00"
"628","Chennai","2026-01-13","21.84","54.52","75.34","2026-01-13 04:50:00"
"629","Bengaluru","2026-01-24","31.48","56.17","37.07","2026-01-24 04:06:00"
"630","Kochi","2026-05-29","38.11","84.23","97.34","2026-05-29 21:03:00"
"631","Puri","2026-03-02","22.4","78.55","94.38","2026-03-02 06:48:00"
"632","New Delhi","2026-03-20","39.37","74.33","97.24","2026-03-20 12:22:00"
"633","New Delhi","2026-06-17","35.02","60.56","11.17","2026-06-17 08:42:00"
"634","Hyderabad","2026-04-02","24.11","51.92","32.93","2026-04-02 03:41:00"
"635","Sambalpur","2026-04-23","41.57","74.55","100.35","2026-04-23 17:46:00"
"636","Kochi","2026-02-20","27.79","78.02","84.63","2026-02-20 17:55:00"
"637","Cuttack","2026-04-17","18.84","50.17","80.65","2026-04-17 14:54:00"
"638","Bengaluru","2026-01-17","37.98","41.89","57.99","2026-01-17 11:55:00"
"639","Chennai","2026-05-30","36.46","91.9","35.68","2026-05-30 03:28:00"
"640","Bengaluru","2026-03-13","25.92","90.09","6.53","2026-03-13 19:30:00"
"641","Kochi","2026-05-04","35.83","88.6","4.21","2026-05-04 14:35:00"
"642","Kochi","2026-01-27","33.09","37.41","5.6","2026-01-27 10:02:00"
"643","Cuttack","2026-01-10","35.05","69.15","106.13","2026-01-10 19:55:00"
"644","Howrah","2026-02-20","41.62","71.7","44.73","2026-02-20 11:42:00"
"645","Puri","2026-02-14","27.61","68.13","21.22","2026-02-14 18:23:00"
"646","Chennai","2026-06-03","26.2","92.42","61.4","2026-06-03 02:42:00"
"647","Bhopal","2026-02-05","21.92","76.97","52.13","2026-02-05 15:11:00"
"648","Surat","2026-06-07","19.51","67.68","68.93","2026-06-07 03:30:00"
"649","Chennai","2026-01-13","38.18","67.36","41.27","2026-01-13 18:03:00"
"650","Bengaluru","2026-06-28","41.18","63.78","111.45","2026-06-28 09:19:00"
"651","Sambalpur","2026-06-07","30.53","88.63","32.53","2026-06-07 10:58:00"
"652","Surat","2026-04-10","21.17","90.24","46.23","2026-04-10 13:26:00"
"653","Puri","2026-03-22","30.5","40.3","29.7","2026-03-22 13:01:00"
"654","Hyderabad","2026-02-27","25.64","35.42","102.95","2026-02-27 12:56:00"
"655","Surat","2026-05-08","26.96","90.16","21.76","2026-05-08 15:19:00"
"656","Noida","2026-02-28","41.8","39.45","51.74","2026-02-28 02:10:00"
"657","Pune","2026-05-01","22.78","51.28","0.94","2026-05-01 14:25:00"
"658","Hyderabad","2026-06-17","32.11","56.0","31.99","2026-06-17 03:22:00"
"659","Bhubaneswar","2026-03-31","36.98","59.41","101.38","2026-03-31 17:13:00"
"660","Surat","2026-06-21","23.68","84.87","77.1","2026-06-21 17:07:00"
"661","Kochi","2026-02-09","29.65","59.03","99.53","2026-02-09 11:28:00"
"662","Chennai","2026-03-25","31.81","78.92","62.88","2026-03-25 15:29:00"
"663","Pune","2026-05-02","29.71","54.27","99.23","2026-05-02 22:44:00"
"664","New Delhi","2026-05-02","39.1","36.42","94.44","2026-05-02 10:34:00"
"665","Sambalpur","2026-05-28","29.8","37.8","60.97","2026-05-28 04:39:00"
"666","Hyderabad","2026-03-27","33.43","64.24","91.28","2026-03-27 16:01:00"
"667","Durgapur","2026-05-31","21.28","55.6","101.58","2026-05-31 02:23:00"
"668","Bengaluru","2026-06-02","31.34","51.17","57.5","2026-06-02 23:47:00"
"669","Mumbai","2026-03-26","30.61","61.87","86.2","2026-03-26 20:21:00"
"670","Lucknow","2026-01-15","36.73","84.55","8.75","2026-01-15 14:16:00"
"671","Howrah","2026-06-16","32.63","47.04","61.68","2026-06-16 03:22:00"
"672","Pune","2026-05-30","36.3","39.84","90.2","2026-05-30 11:51:00"
"673","Bhubaneswar","2026-04-12","26.4","70.63","31.18","2026-04-12 14:33:00"
"674","Hyderabad","2026-02-05","28.11","80.25","35.24","2026-02-05 10:05:00"
"675","Bengaluru","2026-03-07","18.24","66.39","75.14","2026-03-07 01:18:00"
"676","Lucknow","2026-02-09","21.42","45.05","82.2","2026-02-09 07:29:00"
"677","Ahmedabad","2026-04-21","33.26","71.74","92.48","2026-04-21 16:28:00"
"678","Chennai","2026-05-27","25.11","73.45","101.91","2026-05-27 20:29:00"
"679","Durgapur","2026-06-16","35.06","66.6","110.44","2026-06-16 15:01:00"
"680","Lucknow","2026-06-02","38.22","52.0","39.25","2026-06-02 20:29:00"
"681","Bengaluru","2026-05-24","36.37","87.88","7.42","2026-05-24 21:20:00"
"682","Bhubaneswar","2026-05-08","32.38","55.88","20.01","2026-05-08 08:21:00"
"683","Puri","2026-03-08","22.04","49.32","105.61","2026-03-08 04:33:00"
"684","Howrah","2026-01-03","25.44","86.19","3.64","2026-01-03 23:24:00"
"685","Bhubaneswar","2026-02-17","19.96","79.13","47.24","2026-02-17 18:17:00"
"686","Durgapur","2026-02-08","20.46","41.91","84.22","2026-02-08 02:42:00"
"687","Durgapur","2026-04-03","41.65","69.6","48.6","2026-04-03 18:54:00"
"688","Howrah","2026-06-18","41.98","93.44","6.98","2026-06-18 10:37:00"
"689","Sambalpur","2026-05-17","33.2","47.74","32.49","2026-05-17 09:05:00"
"690","Durgapur","2026-04-15","41.74","36.63","52.41","2026-04-15 10:27:00"
"691","Bengaluru","2026-02-22","28.62","48.13","67.99","2026-02-22 17:55:00"
"692","Durgapur","2026-01-26","41.18","70.36","45.11","2026-01-26 08:31:00"
"693","Noida","2026-04-28","25.79","59.23","103.93","2026-04-28 10:42:00"
"694","Bengaluru","2026-03-25","37.84","71.04","19.14","2026-03-25 05:09:00"
"695","Ahmedabad","2026-03-04","32.71","64.11","71.48","2026-03-04 13:53:00"
"696","Rourkela","2026-06-22","19.42","60.73","1.02","2026-06-22 16:52:00"
"697","Bhubaneswar","2026-04-03","40.24","48.22","83.1","2026-04-03 17:55:00"
"698","Bhubaneswar","2026-04-12","33.62","45.04","81.86","2026-04-12 10:07:00"
"699","Ahmedabad","2026-01-25","25.2","94.37","64.23","2026-01-25 19:12:00"
"700","Howrah","2026-04-04","41.36","90.49","103.21","2026-04-04 19:05:00"
"701","Noida","2026-06-12","18.24","71.34","59.21","2026-06-12 01:49:00"
"702","Bhubaneswar","2026-04-28","26.54","86.52","85.99","2026-04-28 01:19:00"
"703","Durgapur","2026-05-21","39.36","54.54","24.01","2026-05-21 11:26:00"
"704","Mumbai","2026-03-29","30.0","67.56","33.97","2026-03-29 11:39:00"
"705","Chennai","2026-01-23","36.77","81.92","63.63","2026-01-23 09:49:00"
"706","Sambalpur","2026-05-29","40.14","80.58","118.56","2026-05-29 13:26:00"
"707","Cuttack","2026-02-15","30.35","71.45","90.63","2026-02-15 19:51:00"
"708","Bengaluru","2026-01-06","24.28","37.23","60.82","2026-01-06 12:14:00"
"709","Puri","2026-04-14","33.49","66.18","69.95","2026-04-14 14:24:00"
"710","Howrah","2026-06-11","36.71","77.57","46.57","2026-06-11 16:11:00"
"711","Cuttack","2026-05-10","32.16","43.52","25.08","2026-05-10 05:56:00"
"712","Surat","2026-01-19","21.8","45.83","59.38","2026-01-19 13:48:00"
"713","Chennai","2026-01-26","28.85","51.2","27.9","2026-01-26 18:06:00"
"714","Bengaluru","2026-02-18","31.55","74.16","56.82","2026-02-18 13:57:00"
"715","Cuttack","2026-03-20","33.54","52.58","23.9","2026-03-20 21:42:00"
"716","Bhopal","2026-06-16","29.71","60.71","15.81","2026-06-16 01:58:00"
"717","Cuttack","2026-01-21","33.75","94.48","53.88","2026-01-21 20:05:00"
"718","Kolkata","2026-06-24","21.26","38.53","12.74","2026-06-24 10:56:00"
"719","Kochi","2026-01-01","32.92","35.99","61.55","2026-01-01 10:29:00"
"720","Mumbai","2026-03-24","33.46","60.91","58.4","2026-03-24 22:30:00"
"721","Sambalpur","2026-06-29","41.38","51.33","107.84","2026-06-29 07:52:00"
"722","Bhubaneswar","2026-06-18","39.09","56.41","66.36","2026-06-18 06:17:00"
"723","Howrah","2026-02-03","29.57","70.78","64.3","2026-02-03 07:50:00"
"724","New Delhi","2026-01-18","34.43","86.37","51.65","2026-01-18 10:24:00"
"725","Durgapur","2026-01-02","23.07","37.56","67.9","2026-01-02 14:38:00"
"726","Ahmedabad","2026-04-14","21.44","66.75","34.09","2026-04-14 16:05:00"
"727","Rourkela","2026-01-07","38.8","89.25","52.92","2026-01-07 14:35:00"
"728","Chennai","2026-06-16","40.43","85.61","38.87","2026-06-16 23:34:00"
"729","Bengaluru","2026-02-26","39.07","43.56","97.58","2026-02-26 07:35:00"
"730","Cuttack","2026-05-04","35.06","45.44","7.5","2026-05-04 13:50:00"
"731","Puri","2026-03-06","35.15","50.29","22.57","2026-03-06 19:34:00"
"732","Bengaluru","2026-02-28","27.69","59.79","22.61","2026-02-28 03:32:00"
"733","Surat","2026-01-18","32.79","74.35","53.46","2026-01-18 23:43:00"
"734","Ahmedabad","2026-01-26","32.76","64.54","14.54","2026-01-26 22:56:00"
"735","Kochi","2026-02-10","33.56","92.68","72.27","2026-02-10 15:40:00"
"736","Lucknow","2026-02-07","38.25","54.4","103.24","2026-02-07 08:20:00"
"737","Kolkata","2026-03-17","22.22","76.99","37.49","2026-03-17 11:12:00"
"738","Hyderabad","2026-05-21","25.62","82.26","10.71","2026-05-21 05:45:00"
"739","Sambalpur","2026-06-22","31.12","86.95","69.24","2026-06-22 23:07:00"
"740","Kolkata","2026-02-08","32.79","72.06","69.11","2026-02-08 15:08:00"
"741","Kochi","2026-05-16","39.43","63.37","112.95","2026-05-16 02:17:00"
"742","Hyderabad","2026-05-13","40.32","45.63","55.31","2026-05-13 01:06:00"
"743","Kolkata","2026-02-02","20.53","62.71","119.37","2026-02-02 19:58:00"
"744","Pune","2026-06-20","24.05","64.75","3.49","2026-06-20 13:45:00"
"745","Puri","2026-05-27","21.05","40.51","38.84","2026-05-27 01:59:00"
"746","Pune","2026-01-09","20.85","68.04","108.37","2026-01-09 06:12:00"
"747","Kolkata","2026-05-13","19.37","73.67","110.03","2026-05-13 22:25:00"
"748","Durgapur","2026-04-01","30.1","52.47","93.17","2026-04-01 06:07:00"
"749","Bengaluru","2026-04-08","20.5","57.21","110.17","2026-04-08 03:39:00"
"750","Lucknow","2026-02-11","35.81","39.69","87.22","2026-02-11 01:17:00"
"751","Mumbai","2026-03-06","19.29","85.45","22.49","2026-03-06 22:45:00"
"752","Chennai","2026-02-27","34.49","61.63","59.6","2026-02-27 15:45:00"
"753","Rourkela","2026-05-05","36.01","36.56","4.89","2026-05-05 04:33:00"
"754","Kochi","2026-04-03","37.94","53.36","84.34","2026-04-03 23:19:00"
"755","Ahmedabad","2026-01-27","24.28","43.69","88.66","2026-01-27 08:36:00"
"756","Bhubaneswar","2026-06-11","33.13","46.2","92.4","2026-06-11 18:18:00"
"757","Sambalpur","2026-01-21","34.87","88.48","28.32","2026-01-21 05:11:00"
"758","Rourkela","2026-03-11","27.87","80.84","112.97","2026-03-11 04:43:00"
"759","Kochi","2026-06-11","19.75","37.14","104.94","2026-06-11 20:12:00"
"760","Pune","2026-04-02","41.88","55.37","62.58","2026-04-02 17:40:00"
"761","Rourkela","2026-06-30","22.63","88.17","92.02","2026-06-30 13:43:00"
"762","Hyderabad","2026-01-03","19.8","42.73","106.07","2026-01-03 10:19:00"
"763","Bengaluru","2026-05-15","24.75","49.51","76.75","2026-05-15 21:45:00"
"764","Ahmedabad","2026-03-16","35.14","75.14","36.76","2026-03-16 21:43:00"
"765","Noida","2026-05-09","18.39","62.45","22.2","2026-05-09 16:30:00"
"766","Chennai","2026-05-13","30.07","55.77","1.23","2026-05-13 06:30:00"
"767","Hyderabad","2026-02-20","20.05","87.49","20.27","2026-02-20 09:13:00"
"768","Chennai","2026-05-25","31.52","41.78","89.07","2026-05-25 06:57:00"
"769","Sambalpur","2026-05-09","30.0","50.8","16.84","2026-05-09 20:16:00"
"770","Ahmedabad","2026-01-30","19.57","72.09","108.44","2026-01-30 10:19:00"
"771","Surat","2026-01-07","20.03","49.34","37.98","2026-01-07 06:07:00"
"772","Durgapur","2026-02-08","27.23","94.09","6.08","2026-02-08 23:51:00"
"773","Kochi","2026-06-25","31.6","83.18","25.14","2026-06-25 08:13:00"
"774","Puri","2026-01-04","34.51","78.32","3.11","2026-01-04 21:08:00"
"775","Lucknow","2026-04-02","19.36","51.87","29.93","2026-04-02 13:50:00"
"776","Kochi","2026-04-12","26.22","43.48","36.5","2026-04-12 06:55:00"
"777","Hyderabad","2026-03-23","18.68","84.01","36.71","2026-03-23 06:51:00"
"778","Bhubaneswar","2026-06-30","20.32","91.8","0.11","2026-06-30 22:13:00"
"779","Lucknow","2026-01-11","27.63","36.79","43.01","2026-01-11 05:08:00"
"780","New Delhi","2026-01-06","37.91","68.33","50.24","2026-01-06 19:51:00"
"781","Surat","2026-04-17","32.77","60.25","101.55","2026-04-17 09:04:00"
"782","Noida","2026-02-28","40.55","47.87","10.71","2026-02-28 01:13:00"
"783","Bengaluru","2026-02-08","32.0","68.11","103.43","2026-02-08 21:54:00"
"784","Surat","2026-04-14","36.02","63.52","86.55","2026-04-14 19:30:00"
"785","Pune","2026-01-04","22.7","40.11","52.4","2026-01-04 06:47:00"
"786","Ahmedabad","2026-04-15","18.02","88.09","106.61","2026-04-15 23:49:00"
"787","Kolkata","2026-01-18","34.73","58.02","103.51","2026-01-18 23:18:00"
"788","Ahmedabad","2026-01-13","22.48","50.37","60.54","2026-01-13 07:21:00"
"789","Bengaluru","2026-02-03","35.64","85.46","14.84","2026-02-03 20:48:00"
"790","Cuttack","2026-02-10","34.88","48.64","100.86","2026-02-10 11:43:00"
"791","Chennai","2026-04-26","26.2","80.61","8.78","2026-04-26 22:32:00"
"792","Bengaluru","2026-04-05","31.98","91.93","63.23","2026-04-05 13:02:00"
"793","Surat","2026-06-25","24.97","71.97","20.81","2026-06-25 21:28:00"
"794","Surat","2026-05-30","31.12","54.46","33.09","2026-05-30 20:30:00"
"795","Mumbai","2026-02-06","24.01","36.6","69.96","2026-02-06 10:12:00"
"796","Sambalpur","2026-05-18","35.4","57.34","70.43","2026-05-18 12:23:00"
"797","Lucknow","2026-06-10","32.25","75.43","1.5","2026-06-10 12:13:00"
"798","Noida","2026-02-22","35.9","83.85","108.09","2026-02-22 21:48:00"
"799","Mumbai","2026-05-24","37.57","84.37","27.85","2026-05-24 23:23:00"
"800","Pune","2026-04-29","29.83","76.35","25.09","2026-04-29 12:22:00"
"801","Noida","2026-02-27","37.41","91.24","26.25","2026-02-27 05:53:00"
"802","Kochi","2026-01-12","24.18","85.09","38.0","2026-01-12 03:24:00"
"803","Howrah","2026-04-27","40.75","65.69","115.24","2026-04-27 01:00:00"
"804","Chennai","2026-04-11","36.13","84.76","101.95","2026-04-11 12:05:00"
"805","Mumbai","2026-02-24","40.09","69.01","24.0","2026-02-24 22:30:00"
"806","Howrah","2026-03-22","23.9","70.47","108.38","2026-03-22 15:25:00"
"807","Noida","2026-05-28","31.16","72.77","119.58","2026-05-28 03:36:00"
"808","Bhopal","2026-06-02","32.32","93.89","105.54","2026-06-02 02:09:00"
"809","Lucknow","2026-02-12","37.32","63.33","64.69","2026-02-12 09:43:00"
"810","Ahmedabad","2026-06-17","31.05","50.62","26.62","2026-06-17 10:55:00"
"811","Sambalpur","2026-03-11","40.01","63.73","51.49","2026-03-11 10:36:00"
"812","Surat","2026-06-10","19.35","39.52","100.69","2026-06-10 21:23:00"
"813","Chennai","2026-01-08","24.19","47.43","104.0","2026-01-08 16:53:00"
"814","Bhubaneswar","2026-02-20","19.97","57.89","29.93","2026-02-20 07:06:00"
"815","Rourkela","2026-04-27","34.35","89.28","52.21","2026-04-27 18:17:00"
"816","Ahmedabad","2026-03-18","32.13","62.5","22.84","2026-03-18 09:52:00"
"817","Rourkela","2026-04-19","26.73","74.74","56.55","2026-04-19 02:07:00"
"818","Kolkata","2026-05-27","27.12","57.72","91.77","2026-05-27 22:48:00"
"819","Bhopal","2026-01-02","33.21","72.21","53.36","2026-01-02 18:24:00"
"820","Noida","2026-01-03","39.27","92.37","42.37","2026-01-03 22:10:00"
"821","Kochi","2026-01-07","19.71","88.12","74.08","2026-01-07 21:05:00"
"822","Pune","2026-03-29","26.56","88.83","78.56","2026-03-29 12:39:00"
"823","Durgapur","2026-01-18","18.43","53.8","21.8","2026-01-18 16:08:00"
"824","Bengaluru","2026-05-15","39.37","37.69","32.19","2026-05-15 12:19:00"
"825","Cuttack","2026-01-24","31.27","40.26","0.35","2026-01-24 06:19:00"
"826","Lucknow","2026-04-08","41.32","63.06","95.62","2026-04-08 16:04:00"
"827","Bengaluru","2026-02-15","35.92","47.26","24.9","2026-02-15 21:10:00"
"828","Puri","2026-06-07","32.43","63.87","74.12","2026-06-07 07:58:00"
"829","Surat","2026-01-03","38.98","39.53","72.71","2026-01-03 15:20:00"
"830","Bhopal","2026-03-02","38.28","55.35","107.89","2026-03-02 14:14:00"
"831","Puri","2026-03-03","32.9","68.94","3.82","2026-03-03 12:22:00"
"832","Pune","2026-03-18","39.29","67.04","59.74","2026-03-18 02:58:00"
"833","Cuttack","2026-06-10","30.61","75.75","12.1","2026-06-10 09:07:00"
"834","Bhopal","2026-04-27","19.38","82.04","72.88","2026-04-27 04:53:00"
"835","Kolkata","2026-05-05","29.79","49.88","42.01","2026-05-05 05:36:00"
"836","Noida","2026-05-05","32.12","57.49","72.43","2026-05-05 18:53:00"
"837","Pune","2026-03-30","21.07","57.39","78.15","2026-03-30 20:17:00"
"838","Noida","2026-06-21","24.88","40.8","11.41","2026-06-21 16:34:00"
"839","New Delhi","2026-02-15","33.88","82.14","42.76","2026-02-15 22:45:00"
"840","Sambalpur","2026-04-25","32.34","36.66","70.43","2026-04-25 16:32:00"
"841","Kochi","2026-02-26","31.14","35.38","105.81","2026-02-26 02:35:00"
"842","Bhubaneswar","2026-06-03","36.72","70.28","14.38","2026-06-03 04:06:00"
"843","Durgapur","2026-03-11","34.62","65.78","109.79","2026-03-11 16:00:00"
"844","Puri","2026-06-22","39.15","76.72","46.46","2026-06-22 12:51:00"
"845","Kochi","2026-04-03","37.18","40.31","95.24","2026-04-03 21:44:00"
"846","Noida","2026-05-12","22.27","83.07","52.64","2026-05-12 13:12:00"
"847","Chennai","2026-01-22","39.75","89.59","113.02","2026-01-22 13:47:00"
"848","Lucknow","2026-05-26","30.85","79.42","15.73","2026-05-26 18:26:00"
"849","Ahmedabad","2026-04-12","22.66","55.49","77.12","2026-04-12 03:25:00"
"850","Lucknow","2026-06-18","26.75","72.79","62.15","2026-06-18 02:13:00"
"851","Kochi","2026-02-19","38.56","92.62","102.59","2026-02-19 11:06:00"
"852","Bengaluru","2026-06-03","28.92","70.85","50.56","2026-06-03 21:37:00"
"853","Cuttack","2026-03-27","25.65","43.42","12.59","2026-03-27 22:00:00"
"854","Rourkela","2026-02-07","21.5","62.1","67.59","2026-02-07 11:07:00"
"855","Rourkela","2026-06-22","19.07","80.64","59.81","2026-06-22 16:45:00"
"856","Bhopal","2026-06-28","37.34","60.25","108.62","2026-06-28 18:56:00"
"857","Howrah","2026-04-17","37.63","58.93","88.61","2026-04-17 05:11:00"
"858","Sambalpur","2026-06-12","20.63","46.97","41.32","2026-06-12 09:44:00"
"859","Hyderabad","2026-05-24","32.84","86.14","82.99","2026-05-24 02:27:00"
"860","Noida","2026-01-08","18.11","64.69","8.13","2026-01-08 17:14:00"
"861","Bengaluru","2026-01-25","22.22","68.28","56.91","2026-01-25 12:55:00"
"862","Hyderabad","2026-05-18","37.02","54.51","79.76","2026-05-18 08:24:00"
"863","New Delhi","2026-03-02","28.34","78.84","109.29","2026-03-02 03:01:00"
"864","Kochi","2026-03-24","26.98","62.13","106.3","2026-03-24 20:04:00"
"865","Durgapur","2026-06-07","38.56","74.31","17.26","2026-06-07 07:13:00"
"866","Mumbai","2026-04-27","39.54","70.65","68.12","2026-04-27 04:10:00"
"867","Pune","2026-06-28","36.58","61.28","85.56","2026-06-28 04:59:00"
"868","Bengaluru","2026-06-22","31.13","81.53","7.27","2026-06-22 01:17:00"
"869","Kochi","2026-01-10","41.28","75.57","119.52","2026-01-10 16:21:00"
"870","Cuttack","2026-01-10","25.46","80.45","25.41","2026-01-10 02:48:00"
"871","New Delhi","2026-02-26","29.15","81.15","15.74","2026-02-26 08:10:00"
"872","New Delhi","2026-05-01","24.68","61.32","22.32","2026-05-01 02:10:00"
"873","Lucknow","2026-05-18","18.01","52.94","1.32","2026-05-18 12:49:00"
"874","Mumbai","2026-03-04","37.88","51.95","111.72","2026-03-04 22:56:00"
"875","Bhubaneswar","2026-03-18","34.03","86.09","65.61","2026-03-18 06:27:00"
"876","Noida","2026-03-28","19.96","59.85","31.69","2026-03-28 15:34:00"
"877","Lucknow","2026-06-13","29.36","35.87","103.65","2026-06-13 10:48:00"
"878","Bhopal","2026-05-29","37.58","91.4","36.47","2026-05-29 12:49:00"
"879","Ahmedabad","2026-02-06","18.79","43.79","57.02","2026-02-06 08:24:00"
"880","Lucknow","2026-02-26","25.16","38.14","23.0","2026-02-26 22:05:00"
"881","Bhubaneswar","2026-03-14","41.01","43.86","98.97","2026-03-14 04:49:00"
"882","New Delhi","2026-01-27","31.04","48.47","66.33","2026-01-27 12:17:00"
"883","New Delhi","2026-04-08","25.35","70.84","30.45","2026-04-08 05:45:00"
"884","Cuttack","2026-01-01","41.74","75.74","0.49","2026-01-01 09:14:00"
"885","Bhubaneswar","2026-06-19","35.88","54.49","77.93","2026-06-19 08:43:00"
"886","Kochi","2026-02-12","29.09","53.15","114.54","2026-02-12 05:36:00"
"887","Chennai","2026-05-11","34.73","39.16","101.46","2026-05-11 05:46:00"
"888","Sambalpur","2026-03-06","30.2","35.78","116.73","2026-03-06 01:04:00"
"889","New Delhi","2026-04-05","27.99","38.75","70.32","2026-04-05 08:24:00"
"890","Mumbai","2026-04-23","25.0","46.73","59.64","2026-04-23 22:33:00"
"891","Howrah","2026-02-19","36.2","49.31","83.09","2026-02-19 04:48:00"
"892","Pune","2026-03-09","25.94","85.95","75.61","2026-03-09 01:15:00"
"893","New Delhi","2026-06-26","19.28","74.75","21.18","2026-06-26 18:33:00"
"894","Durgapur","2026-04-30","35.8","83.19","47.43","2026-04-30 02:18:00"
"895","Hyderabad","2026-03-08","24.88","57.13","57.7","2026-03-08 15:58:00"
"896","Puri","2026-04-12","23.13","35.76","102.09","2026-04-12 10:22:00"
"897","Hyderabad","2026-04-06","24.01","70.22","5.78","2026-04-06 18:14:00"
"898","Howrah","2026-05-15","28.2","44.6","1.12","2026-05-15 21:56:00"
"899","Bengaluru","2026-05-24","25.79","57.73","32.2","2026-05-24 19:57:00"
"900","Sambalpur","2026-06-07","19.14","64.1","35.5","2026-06-07 04:59:00"
"901","Surat","2026-05-16","28.18","35.53","37.46","2026-05-16 11:54:00"
"902","Chennai","2026-01-22","36.36","55.5","79.86","2026-01-22 07:39:00"
"903","Noida","2026-01-26","30.3","70.89","0.84","2026-01-26 12:25:00"
"904","Cuttack","2026-03-16","18.77","57.71","26.61","2026-03-16 22:53:00"
"905","Howrah","2026-05-23","29.55","70.98","48.05","2026-05-23 16:51:00"
"906","Chennai","2026-05-26","27.05","62.74","85.59","2026-05-26 11:54:00"
"907","New Delhi","2026-04-21","21.75","68.29","115.57","2026-04-21 05:15:00"
"908","Bengaluru","2026-05-23","19.41","94.1","90.88","2026-05-23 05:30:00"
"909","Surat","2026-06-17","41.54","75.44","25.53","2026-06-17 22:04:00"
"910","Rourkela","2026-01-23","40.5","69.02","117.46","2026-01-23 04:17:00"
"911","Bengaluru","2026-03-10","31.1","85.08","72.21","2026-03-10 17:48:00"
"912","Sambalpur","2026-02-27","29.16","76.92","58.66","2026-02-27 09:36:00"
"913","Hyderabad","2026-04-09","36.62","76.96","36.51","2026-04-09 02:55:00"
"914","Puri","2026-03-16","30.9","49.61","83.41","2026-03-16 05:31:00"
"915","Hyderabad","2026-01-08","22.18","63.38","111.21","2026-01-08 12:21:00"
"916","Mumbai","2026-05-16","22.3","66.86","51.44","2026-05-16 19:11:00"
"917","Bhopal","2026-03-24","22.62","58.01","93.4","2026-03-24 19:44:00"
"918","Cuttack","2026-03-18","24.83","80.54","7.18","2026-03-18 15:29:00"
"919","Howrah","2026-05-06","40.9","58.01","72.91","2026-05-06 03:42:00"
"920","Hyderabad","2026-01-20","37.14","81.27","107.31","2026-01-20 11:59:00"
"921","Mumbai","2026-05-15","20.48","82.87","30.12","2026-05-15 10:19:00"
"922","Sambalpur","2026-02-04","31.2","35.26","51.71","2026-02-04 04:25:00"
"923","Lucknow","2026-04-25","25.61","59.03","76.43","2026-04-25 11:43:00"
"924","Kochi","2026-04-13","19.88","94.09","51.14","2026-04-13 01:31:00"
"925","Durgapur","2026-04-08","32.55","67.07","88.93","2026-04-08 01:10:00"
"926","Kolkata","2026-05-24","25.28","94.18","82.47","2026-05-24 22:59:00"
"927","Hyderabad","2026-04-12","33.77","66.71","6.19","2026-04-12 18:10:00"
"928","Howrah","2026-01-20","30.3","64.86","72.1","2026-01-20 13:49:00"
"929","Kolkata","2026-01-07","37.93","90.21","29.77","2026-01-07 03:51:00"
"930","Kochi","2026-03-26","31.42","36.44","66.29","2026-03-26 02:39:00"
"931","New Delhi","2026-02-08","23.15","91.79","5.07","2026-02-08 03:00:00"
"932","Bhubaneswar","2026-05-21","37.09","52.24","63.24","2026-05-21 21:21:00"
"933","Durgapur","2026-06-07","32.47","39.56","30.46","2026-06-07 22:30:00"
"934","Sambalpur","2026-05-09","40.33","60.22","61.28","2026-05-09 22:32:00"
"935","Bengaluru","2026-03-10","24.05","86.13","94.76","2026-03-10 15:29:00"
"936","Cuttack","2026-04-03","24.45","48.25","28.76","2026-04-03 14:45:00"
"937","Bhubaneswar","2026-05-30","40.91","41.91","78.97","2026-05-30 11:08:00"
"938","Mumbai","2026-05-14","29.48","58.24","19.09","2026-05-14 06:31:00"
"939","Hyderabad","2026-02-08","37.61","66.77","29.34","2026-02-08 05:04:00"
"940","Bengaluru","2026-05-15","27.63","35.07","72.38","2026-05-15 21:32:00"
"941","Durgapur","2026-05-22","32.99","60.75","15.64","2026-05-22 18:08:00"
"942","Lucknow","2026-06-13","34.47","79.25","22.63","2026-06-13 14:35:00"
"943","Mumbai","2026-01-27","31.64","41.88","119.61","2026-01-27 21:36:00"
"944","Durgapur","2026-06-02","23.81","46.25","84.84","2026-06-02 23:25:00"
"945","Bengaluru","2026-01-19","22.08","94.83","82.76","2026-01-19 11:25:00"
"946","Lucknow","2026-02-24","41.74","39.6","37.77","2026-02-24 05:46:00"
"947","Bhubaneswar","2026-02-21","38.76","87.49","93.3","2026-02-21 22:47:00"
"948","Howrah","2026-06-21","28.18","75.68","11.88","2026-06-21 09:58:00"
"949","Puri","2026-05-02","33.47","80.41","4.2","2026-05-02 22:58:00"
"950","Howrah","2026-03-09","24.03","54.73","36.26","2026-03-09 09:56:00"
"951","Noida","2026-06-08","40.71","41.42","79.78","2026-06-08 14:01:00"
"952","Lucknow","2026-05-23","40.03","54.13","18.91","2026-05-23 04:43:00"
"953","New Delhi","2026-02-01","41.75","78.52","66.27","2026-02-01 09:34:00"
"954","Rourkela","2026-04-07","37.78","70.71","74.76","2026-04-07 18:19:00"
"955","Hyderabad","2026-02-15","36.08","74.72","47.58","2026-02-15 06:39:00"
"956","Bhubaneswar","2026-04-14","34.86","37.39","9.69","2026-04-14 06:21:00"
"957","Durgapur","2026-06-18","35.58","77.97","100.26","2026-06-18 01:42:00"
"958","Bengaluru","2026-01-22","20.96","55.95","33.76","2026-01-22 20:26:00"
"959","Mumbai","2026-05-22","25.94","70.28","106.68","2026-05-22 11:50:00"
"960","Sambalpur","2026-04-05","24.18","44.0","88.71","2026-04-05 10:01:00"
"961","Durgapur","2026-05-02","29.39","64.44","96.08","2026-05-02 23:56:00"
"962","Bhopal","2026-06-19","20.73","67.7","111.6","2026-06-19 10:15:00"
"963","Kolkata","2026-01-11","40.5","63.45","2.55","2026-01-11 22:56:00"
"964","Bhopal","2026-04-25","30.03","64.99","39.7","2026-04-25 03:47:00"
"965","Sambalpur","2026-04-24","26.48","69.14","28.85","2026-04-24 16:20:00"
"966","Surat","2026-04-19","18.16","37.01","84.37","2026-04-19 11:14:00"
"967","Surat","2026-01-23","31.19","40.53","51.13","2026-01-23 21:35:00"
"968","Kolkata","2026-01-17","20.31","54.36","118.34","2026-01-17 04:24:00"
"969","Howrah","2026-01-29","27.97","73.37","13.68","2026-01-29 21:55:00"
"970","Ahmedabad","2026-01-05","20.11","54.94","52.95","2026-01-05 05:49:00"
"971","Cuttack","2026-01-19","30.08","36.54","36.69","2026-01-19 23:30:00"
"972","Surat","2026-05-24","27.1","54.92","63.08","2026-05-24 17:09:00"
"973","Rourkela","2026-02-26","26.84","87.39","1.21","2026-02-26 03:37:00"
"974","Chennai","2026-01-23","23.16","86.95","104.69","2026-01-23 23:29:00"
"975","Bhubaneswar","2026-05-25","22.19","85.8","101.42","2026-05-25 04:22:00"
"976","Mumbai","2026-02-26","39.39","94.83","119.07","2026-02-26 13:07:00"
"977","Ahmedabad","2026-03-27","23.32","91.22","106.45","2026-03-27 20:23:00"
"978","Rourkela","2026-03-16","18.75","60.81","57.01","2026-03-16 03:58:00"
"979","Ahmedabad","2026-04-09","23.8","69.43","53.18","2026-04-09 07:20:00"
"980","Hyderabad","2026-01-07","29.31","47.88","35.62","2026-01-07 10:53:00"
"981","Bhopal","2026-06-19","37.06","86.0","52.44","2026-06-19 23:32:00"
"982","Lucknow","2026-03-15","34.53","47.7","97.03","2026-03-15 08:12:00"
"983","Noida","2026-05-02","37.76","39.46","14.33","2026-05-02 15:40:00"
"984","Ahmedabad","2026-06-18","27.75","89.53","2.03","2026-06-18 01:06:00"
"985","Lucknow","2026-04-18","18.27","76.99","18.98","2026-04-18 01:51:00"
"986","Bhubaneswar","2026-06-10","32.33","86.25","76.82","2026-06-10 14:22:00"
"987","Hyderabad","2026-06-22","39.25","88.76","55.78","2026-06-22 03:17:00"
"988","Pune","2026-06-05","21.47","51.31","6.12","2026-06-05 15:07:00"
"989","Rourkela","2026-06-15","35.43","65.81","95.24","2026-06-15 07:36:00"
"990","Rourkela","2026-02-11","18.25","71.47","96.62","2026-02-11 22:48:00"
"991","Chennai","2026-04-03","25.69","66.76","84.11","2026-04-03 11:13:00"
"992","Surat","2026-01-15","32.99","58.22","33.25","2026-01-15 19:29:00"
"993","Surat","2026-03-08","31.58","51.48","68.99","2026-03-08 07:23:00"
"994","Puri","2026-01-15","30.87","80.51","46.8","2026-01-15 23:01:00"
"995","New Delhi","2026-04-19","35.9","76.54","15.24","2026-04-19 03:57:00"
"996","Lucknow","2026-01-25","24.88","51.87","23.0","2026-01-25 04:08:00"
"997","Howrah","2026-02-19","38.35","78.66","94.7","2026-02-19 05:54:00"
"998","Mumbai","2026-06-29","28.83","40.22","24.28","2026-06-29 11:00:00"
"999","Kolkata","2026-05-11","40.26","82.83","97.59","2026-05-11 18:07:00"
"1000","Hyderabad","2026-03-07","33.23","47.0","40.75","2026-03-07 05:26:00"
